symbol,name,rows,first,last
159998.SZ,计算机ETF,241,2025-03-24,2026-03-23
159997.SZ,电子ETF,242,2025-03-24,2026-03-23
159996.SZ,家电ETF国泰,242,2025-03-24,2026-03-23
159995.SZ,芯片ETF,241,2025-03-24,2026-03-23
159994.SZ,通信ETF银华,241,2025-03-24,2026-03-23
159993.SZ,证券ETF鹏华,241,2025-03-24,2026-03-23
159992.SZ,创新药ETF,242,2025-03-24,2026-03-23
159991.SZ,创业板大盘ETF招商,241,2025-03-24,2026-03-23
159985.SZ,豆粕ETF,241,2025-03-24,2026-03-23
159982.SZ,中证500ETF鹏华,241,2025-03-24,2026-03-23
159981.SZ,能源化工ETF建信,241,2025-03-24,2026-03-23
159980.SZ,有色ETF大成,241,2025-03-24,2026-03-23
159977.SZ,创业板ETF天弘,241,2025-03-24,2026-03-23
159976.SZ,湾创ETF工银,241,2025-03-24,2026-03-23
159975.SZ,深100ETF招商,241,2025-03-24,2026-03-23
159974.SZ,央企创新ETF富国,241,2025-03-24,2026-03-23
159973.SZ,民企ETF弘毅远方,242,2025-03-24,2026-03-23
159972.SZ,5年地债ETF,241,2025-03-24,2026-03-23
159971.SZ,创业板ETF富国,242,2025-03-24,2026-03-23
159970.SZ,深100ETF工银,241,2025-03-24,2026-03-23
159968.SZ,中证500ETF博时,241,2025-03-24,2026-03-23
159967.SZ,创业板成长ETF,241,2025-03-24,2026-03-23
159966.SZ,创业板价值ETF,241,2025-03-24,2026-03-23
159965.SZ,央视50ETF国联,241,2025-03-24,2026-03-23
159964.SZ,创业板ETF平安,241,2025-03-24,2026-03-23
159961.SZ,深100ETF方正富邦,241,2025-03-24,2026-03-23
159960.SZ,恒生中国企业ETF平安,241,2025-03-24,2026-03-23
159959.SZ,央企ETF银华,241,2025-03-24,2026-03-23
159958.SZ,创业板ETF工银,241,2025-03-24,2026-03-23
159957.SZ,创业板ETF华夏,241,2025-03-24,2026-03-23
159956.SZ,创业板ETF建信,241,2025-03-24,2026-03-23
159954.SZ,恒生中国企业ETF南方,241,2025-03-24,2026-03-23
159952.SZ,创业板ETF广发,241,2025-03-24,2026-03-23
159949.SZ,创业板50ETF华安,241,2025-03-24,2026-03-23
159948.SZ,创业板ETF南方,241,2025-03-24,2026-03-23
159945.SZ,能源ETF广发,241,2025-03-24,2026-03-23
159944.SZ,材料ETF广发,241,2025-03-24,2026-03-23
159943.SZ,深证成指ETF大成,241,2025-03-24,2026-03-23
159940.SZ,金融地产ETF广发,241,2025-03-24,2026-03-23
159939.SZ,信息技术ETF广发,241,2025-03-24,2026-03-23
159938.SZ,医药ETF广发,241,2025-03-24,2026-03-23
159937.SZ,黄金ETF博时,241,2025-03-24,2026-03-23
159936.SZ,可选消费ETF广发,242,2025-03-24,2026-03-23
159935.SZ,中证500ETF景顺,242,2025-03-24,2026-03-23
159934.SZ,黄金ETF易方达,242,2025-03-24,2026-03-23
159933.SZ,金融地产ETF国投瑞银,242,2025-03-24,2026-03-23
159931.SZ,金融ETF,242,2025-03-24,2026-03-23
159930.SZ,能源ETF,242,2025-03-24,2026-03-23
159929.SZ,医药ETF,242,2025-03-24,2026-03-23
159928.SZ,消费ETF,242,2025-03-24,2026-03-23
159925.SZ,沪深300ETF南方,241,2025-03-24,2026-03-23
159923.SZ,中证A100ETF大成,241,2025-03-24,2026-03-23
159920.SZ,恒生ETF,241,2025-03-24,2026-03-23
159918.SZ,中创400ETF嘉实,241,2025-03-24,2026-03-23
159916.SZ,基本面ETF建信,241,2025-03-24,2026-03-23
159913.SZ,深价值ETF交银,241,2025-03-24,2026-03-23
159912.SZ,深300ETF汇添富,241,2025-03-24,2026-03-23
159910.SZ,基本面120ETF嘉实,241,2025-03-24,2026-03-23
159909.SZ,TMT50ETF招商,241,2025-03-24,2026-03-23
159908.SZ,创业板ETF博时,242,2025-03-24,2026-03-23
159907.SZ,国证2000ETF广发,241,2025-03-24,2026-03-23
159906.SZ,深成长ETF大成,241,2025-03-24,2026-03-23
159905.SZ,红利ETF工银,241,2025-03-24,2026-03-23
159903.SZ,深成ETF南方,241,2025-03-24,2026-03-23
159902.SZ,中小100ETF华夏,241,2025-03-24,2026-03-23
159899.SZ,软件ETF招商,241,2025-03-24,2026-03-23
159898.SZ,医疗器械ETF招商,241,2025-03-24,2026-03-23
159896.SZ,物联网ETF南方,241,2025-03-24,2026-03-23
159895.SZ,物联网ETF易方达,241,2025-03-24,2026-03-23
159892.SZ,恒生医药ETF华夏,242,2025-03-24,2026-03-23
159891.SZ,医疗ETF建信,241,2025-03-24,2026-03-23
159890.SZ,云计算ETF招商,241,2025-03-24,2026-03-23
159889.SZ,智能汽车ETF国泰,241,2025-03-24,2026-03-23
159888.SZ,智能汽车ETF华夏,241,2025-03-24,2026-03-23
159887.SZ,银行ETF富国,241,2025-03-24,2026-03-23
159886.SZ,机械ETF富国,241,2025-03-24,2026-03-23
159885.SZ,碳中和ETF鹏华,241,2025-03-24,2026-03-23
159883.SZ,医疗器械ETF永赢,241,2025-03-24,2026-03-23
159881.SZ,有色金属ETF国泰,241,2025-03-24,2026-03-23
159880.SZ,有色ETF鹏华,241,2025-03-24,2026-03-23
159877.SZ,医疗ETF南方,241,2025-03-24,2026-03-23
159876.SZ,有色ETF华宝,241,2025-03-24,2026-03-23
159875.SZ,新能源ETF嘉实,241,2025-03-24,2026-03-23
159873.SZ,医疗设备ETF,241,2025-03-24,2026-03-23
159872.SZ,智能网联汽车ETF,241,2025-03-24,2026-03-23
159871.SZ,有色ETF银华,241,2025-03-24,2026-03-23
159870.SZ,化工ETF,241,2025-03-24,2026-03-23
159867.SZ,畜牧ETF,241,2025-03-24,2026-03-23
159866.SZ,日经ETF工银,241,2025-03-24,2026-03-23
159865.SZ,养殖ETF国泰,241,2025-03-24,2026-03-23
159864.SZ,光伏ETF国泰,241,2025-03-24,2026-03-23
159863.SZ,光伏ETF鹏华,241,2025-03-24,2026-03-23
159862.SZ,食品饮料ETF银华,241,2025-03-24,2026-03-23
159861.SZ,碳中和50ETF国泰,241,2025-03-24,2026-03-23
159859.SZ,生物医药ETF,241,2025-03-24,2026-03-23
159858.SZ,创新药ETF南方,241,2025-03-24,2026-03-23
159857.SZ,光伏ETF,241,2025-03-24,2026-03-23
159856.SZ,互联网龙头ETF工银,241,2025-03-24,2026-03-23
159855.SZ,影视ETF,241,2025-03-24,2026-03-23
159852.SZ,软件ETF嘉实,241,2025-03-24,2026-03-23
159851.SZ,金融科技ETF,241,2025-03-24,2026-03-23
159850.SZ,恒生国企ETF,241,2025-03-24,2026-03-23
159849.SZ,生物科技ETF招商,241,2025-03-24,2026-03-23
159848.SZ,证券ETF国联安,241,2025-03-24,2026-03-23
159847.SZ,医疗ETF易方达,241,2025-03-24,2026-03-23
159845.SZ,中证1000ETF,241,2025-03-24,2026-03-23
159843.SZ,食品饮料ETF招商,241,2025-03-24,2026-03-23
159842.SZ,券商ETF,241,2025-03-24,2026-03-23
159841.SZ,证券ETF,241,2025-03-24,2026-03-23
159840.SZ,锂电池ETF工银,241,2025-03-24,2026-03-23
159839.SZ,生物医药ETF汇添富,241,2025-03-24,2026-03-23
159838.SZ,医药50ETF博时,241,2025-03-24,2026-03-23
159837.SZ,生物科技ETF易方达,241,2025-03-24,2026-03-23
159836.SZ,创业板300ETF天弘,241,2025-03-24,2026-03-23
159835.SZ,创新药ETF建信,241,2025-03-24,2026-03-23
159834.SZ,金ETF南方,241,2025-03-24,2026-03-23
159831.SZ,金ETF嘉实,241,2025-03-24,2026-03-23
159830.SZ,上海金ETF,241,2025-03-24,2026-03-23
159828.SZ,医疗ETF国泰,241,2025-03-24,2026-03-23
159827.SZ,农业ETF银华,242,2025-03-24,2026-03-23
159825.SZ,农业ETF富国,241,2025-03-24,2026-03-23
159824.SZ,新能源车ETF博时,241,2025-03-24,2026-03-23
159822.SZ,新经济ETF银华,242,2025-03-24,2026-03-23
159821.SZ,创业板ETF中银证券,241,2025-03-24,2026-03-23
159820.SZ,中证500ETF天弘,241,2025-03-24,2026-03-23
159819.SZ,人工智能ETF易方达,241,2025-03-24,2026-03-23
159816.SZ,0-4地债ETF,241,2025-03-24,2026-03-23
159814.SZ,创业大盘ETF西部利得,241,2025-03-24,2026-03-23
159813.SZ,半导体ETF,241,2025-03-24,2026-03-23
159812.SZ,黄金ETF前海开源,241,2025-03-24,2026-03-23
159811.SZ,5GETF博时,241,2025-03-24,2026-03-23
159810.SZ,创业板ETF浦银,241,2025-03-24,2026-03-23
159808.SZ,创100ETF融通,241,2025-03-24,2026-03-23
159807.SZ,科技ETF易方达,241,2025-03-24,2026-03-23
159806.SZ,新能源车ETF国泰,241,2025-03-24,2026-03-23
159805.SZ,传媒ETF,241,2025-03-24,2026-03-23
159804.SZ,创中盘88ETF国寿,241,2025-03-24,2026-03-23
159801.SZ,芯片ETF广发,241,2025-03-24,2026-03-23
159800.SZ,中证800ETF鹏华,241,2025-03-24,2026-03-23
159798.SZ,消费ETF易方达,241,2025-03-24,2026-03-23
159797.SZ,医疗器械ETF汇添富,242,2025-03-24,2026-03-23
159796.SZ,电池ETF汇添富,241,2025-03-24,2026-03-23
159795.SZ,智能汽车ETF汇添富,241,2025-03-24,2026-03-23
159793.SZ,线上消费ETF平安,241,2025-03-24,2026-03-23
159792.SZ,港股通互联网ETF富国,241,2025-03-24,2026-03-23
159791.SZ,300ESGETF华夏,241,2025-03-24,2026-03-23
159790.SZ,碳中和ETF华夏,241,2025-03-24,2026-03-23
159788.SZ,港股通100ETF易方达,241,2025-03-24,2026-03-23
159787.SZ,建材ETF易方达,241,2025-03-24,2026-03-23
159786.SZ,VRETF,241,2025-03-24,2026-03-23
159783.SZ,科创创业50ETF华夏,241,2025-03-24,2026-03-23
159782.SZ,双创50ETF,241,2025-03-24,2026-03-23
159781.SZ,科创创业ETF易方达,241,2025-03-24,2026-03-23
159780.SZ,科创创业50ETF南方,241,2025-03-24,2026-03-23
159779.SZ,消费电子ETF招商,241,2025-03-24,2026-03-23
159778.SZ,工业互联网ETF鹏华,241,2025-03-24,2026-03-23
159777.SZ,创科技ETF,241,2025-03-24,2026-03-23
159776.SZ,港股医药ETF银华,241,2025-03-24,2026-03-23
159775.SZ,电池ETF建信,241,2025-03-24,2026-03-23
159773.SZ,创业板科技ETF华泰柏瑞,241,2025-03-24,2026-03-23
159770.SZ,机器人ETF,241,2025-03-24,2026-03-23
159768.SZ,房地产ETF银华,241,2025-03-24,2026-03-23
159767.SZ,电池龙头ETF兴银,241,2025-03-24,2026-03-23
159766.SZ,旅游ETF富国,242,2025-03-24,2026-03-23
159763.SZ,新材料ETF建信,241,2025-03-24,2026-03-23
159761.SZ,新材料ETF国泰,241,2025-03-24,2026-03-23
159760.SZ,医疗健康ETF泰康,241,2025-03-24,2026-03-23
159758.SZ,红利质量ETF,241,2025-03-24,2026-03-23
159757.SZ,电池ETF景顺,241,2025-03-24,2026-03-23
159755.SZ,电池ETF广发,241,2025-03-24,2026-03-23
159752.SZ,新能源ETF申万菱信,241,2025-03-24,2026-03-23
159751.SZ,港股通科技ETF鹏华,241,2025-03-24,2026-03-23
159750.SZ,港股科技50ETF招商,241,2025-03-24,2026-03-23
159748.SZ,创新药ETF富国,241,2025-03-24,2026-03-23
159747.SZ,香港科技ETF南方,241,2025-03-24,2026-03-23
159743.SZ,湖北ETF博时,241,2025-03-24,2026-03-23
159742.SZ,恒生科技ETF博时,241,2025-03-24,2026-03-23
159741.SZ,恒生科技ETF嘉实,241,2025-03-24,2026-03-23
159740.SZ,恒生科技ETF大成,241,2025-03-24,2026-03-23
159739.SZ,云计算ETF鹏华,241,2025-03-24,2026-03-23
159738.SZ,云计算ETF华泰柏瑞,241,2025-03-24,2026-03-23
159736.SZ,食品饮料ETF天弘,241,2025-03-24,2026-03-23
159735.SZ,港股消费ETF银华,241,2025-03-24,2026-03-23
159732.SZ,消费电子ETF,241,2025-03-24,2026-03-23
159731.SZ,石化ETF,241,2025-03-24,2026-03-23
159730.SZ,家电ETF博时,241,2025-03-24,2026-03-23
159729.SZ,互联网ETF汇添富,241,2025-03-24,2026-03-23
159728.SZ,在线消费ETF南方,241,2025-03-24,2026-03-23
159726.SZ,港股通高股息ETF华夏,242,2025-03-24,2026-03-23
159725.SZ,线上消费ETF工银,241,2025-03-24,2026-03-23
159723.SZ,科技龙头ETF汇添富,241,2025-03-24,2026-03-23
159721.SZ,深证100ETF永赢,241,2025-03-24,2026-03-23
159720.SZ,智能车ETF泰康,241,2025-03-24,2026-03-23
159719.SZ,国企ETF平安,241,2025-03-24,2026-03-23
159718.SZ,港股医药ETF平安,241,2025-03-24,2026-03-23
159717.SZ,ESGETF,241,2025-03-24,2026-03-23
159716.SZ,深证100ETF华宝,241,2025-03-24,2026-03-23
159715.SZ,稀土ETF易方达,241,2025-03-24,2026-03-23
159713.SZ,稀土ETF富国,241,2025-03-24,2026-03-23
159712.SZ,港股通50ETF国泰,241,2025-03-24,2026-03-23
159711.SZ,港股通50ETF华夏,241,2025-03-24,2026-03-23
159709.SZ,物联网ETF工银,241,2025-03-24,2026-03-23
159708.SZ,红利ETF西部利得,241,2025-03-24,2026-03-23
159707.SZ,地产ETF,241,2025-03-24,2026-03-23
159706.SZ,深证100ETF华安,241,2025-03-24,2026-03-23
159703.SZ,新材料ETF,241,2025-03-24,2026-03-23
159701.SZ,物联网ETF招商,241,2025-03-24,2026-03-23
159700.SZ,科创债ETF南方,163,2025-07-17,2026-03-23
159699.SZ,恒生消费ETF广发,242,2025-03-24,2026-03-23
159698.SZ,粮食ETF,242,2025-03-24,2026-03-23
159697.SZ,石油ETF鹏华,242,2025-03-24,2026-03-23
159696.SZ,纳指ETF易方达,242,2025-03-24,2026-03-23
159695.SZ,通信ETF嘉实,241,2025-03-24,2026-03-23
159692.SZ,证券ETF东财,241,2025-03-24,2026-03-23
159691.SZ,港股红利ETF工银,242,2025-03-24,2026-03-23
159690.SZ,有色矿业ETF招商,242,2025-03-24,2026-03-23
159689.SZ,消费ETF南方,242,2025-03-24,2026-03-23
159688.SZ,恒生互联网ETF华安,241,2025-03-24,2026-03-23
159687.SZ,亚太精选ETF南方,242,2025-03-24,2026-03-23
159686.SZ,A100ETF易方达,242,2025-03-24,2026-03-23
159685.SZ,1000增强ETF天弘,241,2025-03-24,2026-03-23
159682.SZ,创业板50ETF景顺,242,2025-03-24,2026-03-23
159681.SZ,创50ETF,241,2025-03-24,2026-03-23
159680.SZ,中证1000增强ETF招商,241,2025-03-24,2026-03-23
159679.SZ,中证1000增强ETF国泰,241,2025-03-24,2026-03-23
159678.SZ,500增强ETF博时,241,2025-03-24,2026-03-23
159677.SZ,中证1000增强ETF银华,241,2025-03-24,2026-03-23
159676.SZ,创业板增强ETF富国,242,2025-03-24,2026-03-23
159675.SZ,创业板增强ETF嘉实,242,2025-03-24,2026-03-23
159673.SZ,沪深300ETF鹏华,242,2025-03-24,2026-03-23
159672.SZ,消费ETF博时,242,2025-03-24,2026-03-23
159671.SZ,稀有金属ETF工银,242,2025-03-24,2026-03-23
159670.SZ,消费50ETF国联安,242,2025-03-24,2026-03-23
159669.SZ,绿色电力ETF国泰,241,2025-03-24,2026-03-23
159667.SZ,工业母机ETF国泰,241,2025-03-24,2026-03-23
159666.SZ,交通运输ETF,241,2025-03-24,2026-03-23
159665.SZ,半导体龙头ETF工银,241,2025-03-24,2026-03-23
159663.SZ,机床ETF,242,2025-03-24,2026-03-23
159662.SZ,交运ETF南方,241,2025-03-24,2026-03-23
159661.SZ,A100ETF嘉实,241,2025-03-24,2026-03-23
159660.SZ,纳指ETF汇添富,242,2025-03-24,2026-03-23
159659.SZ,纳斯达克100ETF招商,242,2025-03-24,2026-03-23
159658.SZ,数字经济ETF华安,241,2025-03-24,2026-03-23
159657.SZ,疫苗ETF鹏华,242,2025-03-24,2026-03-23
159656.SZ,沪深300成长ETF万家,241,2025-03-24,2026-03-23
159655.SZ,标普500ETF华夏,242,2025-03-24,2026-03-23
159653.SZ,ESG300ETF,233,2025-03-27,2026-03-23
159652.SZ,有色ETF汇添富,241,2025-03-24,2026-03-23
159651.SZ,国开债ETF平安,241,2025-03-24,2026-03-23
159650.SZ,国开债ETF博时,241,2025-03-24,2026-03-23
159649.SZ,国开债ETF华安,241,2025-03-24,2026-03-23
159647.SZ,中药ETF,241,2025-03-24,2026-03-23
159645.SZ,疫苗ETF富国,241,2025-03-24,2026-03-23
159643.SZ,疫苗ETF国泰,241,2025-03-24,2026-03-23
159642.SZ,碳中和ETF大成,241,2025-03-24,2026-03-23
159641.SZ,碳中和ETF招商,241,2025-03-24,2026-03-23
159640.SZ,碳中和龙头ETF工银,241,2025-03-24,2026-03-23
159639.SZ,碳中和ETF南方,241,2025-03-24,2026-03-23
159638.SZ,高端装备ETF嘉实,241,2025-03-24,2026-03-23
159637.SZ,新能源车ETF东财,241,2025-03-24,2026-03-23
159636.SZ,港股通科技30ETF工银,241,2025-03-24,2026-03-23
159635.SZ,基建ETF华夏,241,2025-03-24,2026-03-23
159633.SZ,中证1000ETF易方达,241,2025-03-24,2026-03-23
159632.SZ,纳斯达克ETF华安,242,2025-03-24,2026-03-23
159631.SZ,A100ETF招商,241,2025-03-24,2026-03-23
159630.SZ,A100ETF汇添富,241,2025-03-24,2026-03-23
159629.SZ,中证1000ETF富国,241,2025-03-24,2026-03-23
159628.SZ,国证2000ETF万家,241,2025-03-24,2026-03-23
159627.SZ,A100ETF华夏,241,2025-03-24,2026-03-23
159625.SZ,绿色电力ETF嘉实,241,2025-03-24,2026-03-23
159623.SZ,成渝经济圈ETF博时,241,2025-03-24,2026-03-23
159622.SZ,创新药ETF东财,242,2025-03-24,2026-03-23
159621.SZ,ESGETF国泰,241,2025-03-24,2026-03-23
159620.SZ,中证500成长ETF华夏,241,2025-03-24,2026-03-23
159619.SZ,基建ETF国泰,241,2025-03-24,2026-03-23
159618.SZ,光伏ETF华安,241,2025-03-24,2026-03-23
159617.SZ,中证500价值ETF华夏,241,2025-03-24,2026-03-23
159616.SZ,农牧ETF建信,241,2025-03-24,2026-03-23
159615.SZ,恒生生物科技ETF南方,241,2025-03-24,2026-03-23
159613.SZ,信息安全ETF嘉实,241,2025-03-24,2026-03-23
159612.SZ,标普500ETF国泰,242,2025-03-24,2026-03-23
159611.SZ,电力ETF广发,241,2025-03-24,2026-03-23
159610.SZ,500ETF增强,241,2025-03-24,2026-03-23
159609.SZ,光伏ETF浦银,241,2025-03-24,2026-03-23
159608.SZ,稀有金属ETF广发,241,2025-03-24,2026-03-23
159607.SZ,中概互联网ETF嘉实,242,2025-03-24,2026-03-23
159606.SZ,中证500成长ETF易方达,241,2025-03-24,2026-03-23
159603.SZ,双创龙头ETF,241,2025-03-24,2026-03-23
159602.SZ,中国A50ETF南方,241,2025-03-24,2026-03-23
159601.SZ,A50ETF,241,2025-03-24,2026-03-23
159600.SZ,科创债ETF嘉实,163,2025-07-17,2026-03-23
159599.SZ,芯片ETF东财,241,2025-03-24,2026-03-23
159597.SZ,创业板成长ETF易方达,241,2025-03-24,2026-03-23
159596.SZ,A50ETF华宝,241,2025-03-24,2026-03-23
159595.SZ,中证A50ETF大成,241,2025-03-24,2026-03-23
159593.SZ,中证A50ETF平安,241,2025-03-24,2026-03-23
159592.SZ,A50ETF基金,241,2025-03-24,2026-03-23
159591.SZ,A50ETF富国,241,2025-03-24,2026-03-23
159590.SZ,软件ETF汇添富,241,2025-03-24,2026-03-23
159589.SZ,红利ETF广发,241,2025-03-24,2026-03-23
159588.SZ,石油ETF景顺,241,2025-03-24,2026-03-23
159587.SZ,粮食ETF广发,239,2025-03-24,2026-03-23
159586.SZ,计算机ETF南方,240,2025-03-24,2026-03-23
159583.SZ,通信ETF富国,240,2025-03-24,2026-03-23
159582.SZ,半导体ETF博时,241,2025-03-24,2026-03-23
159581.SZ,红利ETF万家,241,2025-03-24,2026-03-23
159578.SZ,深证主板50ETF南方,240,2025-03-24,2026-03-23
159577.SZ,美国50ETF汇添富,241,2025-03-24,2026-03-23
159576.SZ,深证100ETF广发,242,2025-03-24,2026-03-23
159575.SZ,创业板200ETF银华,241,2025-03-24,2026-03-23
159573.SZ,创业板200ETF华夏,242,2025-03-24,2026-03-23
159572.SZ,创业板200ETF易方达,242,2025-03-24,2026-03-23
159571.SZ,创业板200ETF富国,242,2025-03-24,2026-03-23
159570.SZ,港股通创新药ETF,241,2025-03-24,2026-03-23
159569.SZ,港股红利低波ETF景顺,241,2025-03-24,2026-03-23
159568.SZ,港股互联网ETF博时,241,2025-03-24,2026-03-23
159567.SZ,港股创新药ETF,241,2025-03-24,2026-03-23
159566.SZ,储能电池ETF易方达,241,2025-03-24,2026-03-23
159565.SZ,汽车零部件ETF易方达,241,2025-03-24,2026-03-23
159563.SZ,创业板综ETF华夏,240,2025-03-24,2026-03-23
159562.SZ,黄金股ETF,241,2025-03-24,2026-03-23
159561.SZ,德国ETF嘉实,241,2025-03-24,2026-03-23
159560.SZ,芯片ETF景顺,242,2025-03-24,2026-03-23
159559.SZ,机器人50ETF,242,2025-03-24,2026-03-23
159558.SZ,半导体设备ETF易方达,241,2025-03-24,2026-03-23
159557.SZ,恒生医疗ETF嘉实,241,2025-03-24,2026-03-23
159556.SZ,中证2000增强ETF平安,240,2025-03-24,2026-03-23
159555.SZ,中证2000增强ETF银华,241,2025-03-24,2026-03-23
159553.SZ,中证2000增强ETF海富通,240,2025-03-24,2026-03-23
159552.SZ,中证2000增强ETF招商,241,2025-03-24,2026-03-23
159551.SZ,机器人ETF国泰,242,2025-03-24,2026-03-23
159550.SZ,互联网ETF东财,177,2025-06-27,2026-03-23
159549.SZ,红利低波ETF天弘,242,2025-03-24,2026-03-23
159547.SZ,红利低波ETF华夏,239,2025-03-24,2026-03-23
159546.SZ,集成电路ETF国泰,242,2025-03-24,2026-03-23
159545.SZ,恒生红利低波ETF易方达,241,2025-03-24,2026-03-23
159543.SZ,国证2000ETF工银,242,2025-03-24,2026-03-23
159542.SZ,工程机械ETF大成,240,2025-03-24,2026-03-23
159541.SZ,创业板综ETF万家,242,2025-03-24,2026-03-23
159540.SZ,信创ETF易方达,242,2025-03-24,2026-03-23
159539.SZ,信创ETF广发,241,2025-03-24,2026-03-23
159538.SZ,信创ETF富国,242,2025-03-24,2026-03-23
159537.SZ,信创ETF国泰,241,2025-03-24,2026-03-23
159536.SZ,中证2000ETF汇添富,242,2025-03-24,2026-03-23
159535.SZ,中证2000ETF嘉实,242,2025-03-24,2026-03-23
159533.SZ,中证2000ETF博时,240,2025-03-24,2026-03-23
159532.SZ,中证2000ETF易方达,242,2025-03-24,2026-03-23
159531.SZ,中证2000ETF南方,242,2025-03-24,2026-03-23
159530.SZ,机器人ETF易方达,241,2025-03-24,2026-03-23
159529.SZ,标普消费ETF,241,2025-03-24,2026-03-23
159528.SZ,国企改革ETF富国,240,2025-03-24,2026-03-23
159527.SZ,云计算ETF广发,240,2025-03-24,2026-03-23
159526.SZ,机器人ETF嘉实,241,2025-03-24,2026-03-23
159525.SZ,红利低波ETF富国,241,2025-03-24,2026-03-23
159523.SZ,沪深300成长ETF华夏,242,2025-03-24,2026-03-23
159521.SZ,国证2000ETF平安,241,2025-03-24,2026-03-23
159520.SZ,消费龙头ETF工银,241,2025-03-24,2026-03-23
159519.SZ,港股国企ETF国泰,242,2025-03-24,2026-03-23
159518.SZ,标普油气ETF嘉实,242,2025-03-24,2026-03-23
159517.SZ,中证800增强ETF银华,242,2025-03-24,2026-03-23
159516.SZ,半导体设备ETF国泰,242,2025-03-24,2026-03-23
159515.SZ,国企红利ETF鹏扬,242,2025-03-24,2026-03-23
159513.SZ,纳斯达克100ETF大成,242,2025-03-24,2026-03-23
159512.SZ,汽车ETF广发,242,2025-03-24,2026-03-23
159511.SZ,通信ETF南方,242,2025-03-24,2026-03-23
159510.SZ,沪深300价值ETF华夏,242,2025-03-24,2026-03-23
159509.SZ,纳指科技ETF景顺,242,2025-03-24,2026-03-23
159508.SZ,生物医药ETF华安,242,2025-03-24,2026-03-23
159507.SZ,通信ETF广发,241,2025-03-24,2026-03-23
159506.SZ,港股通医疗ETF富国,242,2025-03-24,2026-03-23
159505.SZ,国证2000ETF博时,241,2025-03-24,2026-03-23
159502.SZ,标普生物科技ETF嘉实,241,2025-03-24,2026-03-23
159501.SZ,纳指ETF嘉实,242,2025-03-24,2026-03-23
159500.SZ,中证500ETF富国,132,2025-08-29,2026-03-23
159400.SZ,科创债ETF景顺,163,2025-07-17,2026-03-23
159399.SZ,现金流ETF国泰,241,2025-03-24,2026-03-23
159398.SZ,信用债ETF天弘,241,2025-03-24,2026-03-23
159397.SZ,信用债ETF广发,241,2025-03-24,2026-03-23
159396.SZ,信用债ETF博时,241,2025-03-24,2026-03-23
159395.SZ,信用债ETF大成,241,2025-03-24,2026-03-23
159393.SZ,沪深300ETF万家,241,2025-03-24,2026-03-23
159392.SZ,航空ETF富国,208,2025-05-14,2026-03-23
159391.SZ,大盘价值ETF博时,221,2025-04-21,2026-03-23
159390.SZ,中证A50ETF国联,230,2025-04-09,2026-03-23
159389.SZ,数字经济ETF嘉实,195,2025-06-03,2026-03-23
159388.SZ,创业板人工智能ETF国泰,233,2025-04-07,2026-03-23
159387.SZ,创业板新能源ETF国泰,190,2025-06-10,2026-03-23
159386.SZ,A500ETF永赢,241,2025-03-24,2026-03-23
159385.SZ,数字经济ETF富国,195,2025-06-03,2026-03-23
159383.SZ,创业板50ETF华泰柏瑞,241,2025-03-24,2026-03-23
159382.SZ,创业板人工智能ETF南方,211,2025-05-09,2026-03-23
159381.SZ,创业板人工智能ETF华夏,241,2025-03-24,2026-03-23
159380.SZ,A500ETF东财,241,2025-03-24,2026-03-23
159379.SZ,A500ETF融通,241,2025-03-24,2026-03-23
159378.SZ,通用航空ETF永赢,241,2025-03-24,2026-03-23
159377.SZ,创业板医药ETF国泰,225,2025-04-15,2026-03-23
159376.SZ,A500ETF浦银,241,2025-03-24,2026-03-23
159375.SZ,创业板50ETF国泰,241,2025-03-24,2026-03-23
159373.SZ,创业板50ETF嘉实,241,2025-03-24,2026-03-23
159372.SZ,创业板50ETF万家,191,2025-06-09,2026-03-23
159371.SZ,创业板50ETF富国,241,2025-03-24,2026-03-23
159370.SZ,创50ETF工银,241,2025-03-24,2026-03-23
159369.SZ,创业板50ETF易方达,138,2025-08-21,2026-03-23
159368.SZ,创业板新能源ETF华夏,241,2025-03-24,2026-03-23
159367.SZ,创业板50ETF华夏,240,2025-03-24,2026-03-23
159366.SZ,港股医疗ETF永赢,226,2025-04-15,2026-03-23
159365.SZ,恒指港股通ETF富国,176,2025-06-30,2026-03-23
159363.SZ,创业板人工智能ETF华宝,241,2025-03-24,2026-03-23
159362.SZ,A500ETF工银,241,2025-03-24,2026-03-23
159361.SZ,A500ETF易方达,241,2025-03-24,2026-03-23
159360.SZ,中证A500ETF天弘,241,2025-03-24,2026-03-23
159359.SZ,A500ETF华安,241,2025-03-24,2026-03-23
159358.SZ,中证A500ETF大成,241,2025-03-24,2026-03-23
159357.SZ,A500ETF博时,241,2025-03-24,2026-03-23
159356.SZ,A500ETF万家,241,2025-03-24,2026-03-23
159355.SZ,800红利低波ETF,241,2025-03-24,2026-03-23
159353.SZ,中证A500ETF景顺,241,2025-03-24,2026-03-23
159352.SZ,A500ETF南方,241,2025-03-24,2026-03-23
159351.SZ,A500ETF嘉实,241,2025-03-24,2026-03-23
159350.SZ,深证50ETF富国,242,2025-03-24,2026-03-23
159339.SZ,A500ETF,241,2025-03-24,2026-03-23
159338.SZ,中证A500ETF国泰,241,2025-03-24,2026-03-23
159337.SZ,中证500ETF东财,241,2025-03-24,2026-03-23
159336.SZ,央企红利ETF融通,241,2025-03-24,2026-03-23
159335.SZ,央企科创ETF融通,241,2025-03-24,2026-03-23
159333.SZ,港股央企红利ETF万家,241,2025-03-24,2026-03-23
159332.SZ,央企红利ETF富国,241,2025-03-24,2026-03-23
159331.SZ,红利港股ETF国泰,241,2025-03-24,2026-03-23
159330.SZ,沪深300ETF东财,241,2025-03-24,2026-03-23
159329.SZ,沙特ETF南方,241,2025-03-24,2026-03-23
159328.SZ,家电ETF易方达,241,2025-03-24,2026-03-23
159327.SZ,半导体设备ETF万家,241,2025-03-24,2026-03-23
159326.SZ,电网设备ETF华夏,241,2025-03-24,2026-03-23
159325.SZ,半导体ETF南方,241,2025-03-24,2026-03-23
159323.SZ,港股通汽车ETF华夏,241,2025-03-24,2026-03-23
159322.SZ,黄金股ETF平安,240,2025-03-24,2026-03-23
159321.SZ,黄金股ETF华安,235,2025-03-24,2026-03-23
159320.SZ,电网设备ETF广发,240,2025-03-24,2026-03-23
159318.SZ,恒指港股通ETF银华,241,2025-03-24,2026-03-23
159316.SZ,港股通创新药ETF易方达,239,2025-03-26,2026-03-23
159315.SZ,黄金股ETF工银,241,2025-03-24,2026-03-23
159312.SZ,恒指港股通ETF广发,241,2025-03-24,2026-03-23
159311.SZ,数字经济ETF易方达,165,2025-07-15,2026-03-23
159310.SZ,芯片ETF天弘,241,2025-03-24,2026-03-23
159309.SZ,油气ETF汇添富,241,2025-03-24,2026-03-23
159307.SZ,红利低波100ETF博时,241,2025-03-24,2026-03-23
159306.SZ,汽车零部件ETF平安,240,2025-03-24,2026-03-23
159305.SZ,储能电池ETF广发,240,2025-03-24,2026-03-23
159303.SZ,恒生医疗ETF大成,240,2025-03-24,2026-03-23
159302.SZ,港股高股息ETF,241,2025-03-24,2026-03-23
159301.SZ,公用事业ETF华夏,241,2025-03-24,2026-03-23
159300.SZ,沪深300ETF富国,241,2025-03-24,2026-03-23
159299.SZ,金融科技ETF易方达,123,2025-09-11,2026-03-23
159298.SZ,创业板50ETF大成,126,2025-09-08,2026-03-23
159297.SZ,港股通创新药ETF南方,116,2025-09-22,2026-03-23
159296.SZ,A500红利低波ETF,128,2025-09-04,2026-03-23
159295.SZ,创业综指ETF西部利得,91,2025-11-04,2026-03-23
159292.SZ,创业板综增强ETF华宝,130,2025-09-02,2026-03-23
159291.SZ,创业板综增强ETF招商,131,2025-09-01,2026-03-23
159290.SZ,创业板综指增强ETF东财,119,2025-09-17,2026-03-23
159289.SZ,创业板综指ETF鹏华,121,2025-09-15,2026-03-23
159288.SZ,创业板综ETF银华,112,2025-09-26,2026-03-23
159287.SZ,创业板综ETF博时,134,2025-08-27,2026-03-23
159286.SZ,港股通创新药ETF鹏华,130,2025-09-02,2026-03-23
159285.SZ,港股通消费ETF华安,102,2025-10-20,2026-03-23
159283.SZ,通用航空ETF南方,138,2025-08-21,2026-03-23
159281.SZ,港股通央企红利ETF天弘,130,2025-09-02,2026-03-23
159280.SZ,港股通互联网ETF汇添富,141,2025-08-18,2026-03-23
159279.SZ,创业板人工智能ETF华安,111,2025-09-29,2026-03-23
159278.SZ,机器人ETF鹏华,148,2025-08-01,2026-03-23
159277.SZ,港股通红利ETF富国,143,2025-08-14,2026-03-23
159276.SZ,现金流ETF汇添富,156,2025-07-28,2026-03-23
159275.SZ,农牧渔ETF,111,2025-09-29,2026-03-23
159273.SZ,云计算ETF汇添富,149,2025-08-06,2026-03-23
159272.SZ,机器人ETF富国,117,2025-09-19,2026-03-23
159271.SZ,恒生ETF鹏华,146,2025-08-11,2026-03-23
159270.SZ,创业板200ETF南方,158,2025-07-24,2026-03-23
159269.SZ,港股通科技ETF南方,168,2025-07-10,2026-03-23
159268.SZ,港股通消费ETF汇添富,161,2025-07-21,2026-03-23
159267.SZ,航天ETF华安,152,2025-08-01,2026-03-23
159266.SZ,港股央企红利ETF永赢,155,2025-07-23,2026-03-23
159265.SZ,港股消费ETF鹏华,174,2025-07-02,2026-03-23
159263.SZ,价值ETF易方达,170,2025-07-08,2026-03-23
159262.SZ,港股通科技ETF广发,171,2025-07-07,2026-03-23
159261.SZ,创业板新能源ETF鹏华,171,2025-07-07,2026-03-23
159260.SZ,证券ETF博时,91,2025-11-04,2026-03-23
159259.SZ,成长ETF易方达,133,2025-08-28,2026-03-23
159258.SZ,机器人ETF南方,152,2025-08-01,2026-03-23
159257.SZ,航空ETF汇添富,156,2025-07-28,2026-03-23
159256.SZ,创业板软件ETF华夏,151,2025-08-04,2026-03-23
159255.SZ,通用航空ETF易方达,151,2025-08-04,2026-03-23
159253.SZ,银行ETF博时,68,2025-12-08,2026-03-23
159251.SZ,港股通科技ETF万家,158,2025-07-24,2026-03-23
159249.SZ,A500增强ETF工银,174,2025-07-02,2026-03-23
159248.SZ,人工智能ETF万家,158,2025-07-24,2026-03-23
159246.SZ,创业板人工智能ETF富国,169,2025-07-10,2026-03-23
159245.SZ,港股通消费ETF富国,183,2025-06-19,2026-03-23
159242.SZ,创业板人工智能ETF大成,158,2025-07-24,2026-03-23
159241.SZ,航空航天ETF天弘,197,2025-05-29,2026-03-23
159240.SZ,中证A500增强ETF天弘,185,2025-06-17,2026-03-23
159239.SZ,港股通汽车ETF富国,198,2025-05-28,2026-03-23
159238.SZ,300ETF增强,191,2025-06-09,2026-03-23
159237.SZ,港股汽车ETF工银,171,2025-07-07,2026-03-23
159236.SZ,自由现金流ETF工银,209,2025-04-30,2026-03-23
159235.SZ,中证现金流ETF大成,215,2025-04-30,2026-03-23
159233.SZ,自由现金流ETF平安,194,2025-06-04,2026-03-23
159232.SZ,自由现金流ETF南方,215,2025-04-30,2026-03-23
159231.SZ,通用航空ETF华宝,216,2025-04-29,2026-03-23
159230.SZ,通用航空ETF华夏,195,2025-06-03,2026-03-23
159229.SZ,自由现金流ETF广发,210,2025-05-06,2026-03-23
159228.SZ,红利低波ETF长城,184,2025-06-18,2026-03-23
159227.SZ,航空航天ETF华夏,206,2025-05-16,2026-03-23
159226.SZ,中证A500增强ETF国泰,197,2025-05-29,2026-03-23
159225.SZ,现金流ETF基金,224,2025-04-17,2026-03-23
159223.SZ,现金流ETF永赢,173,2025-07-03,2026-03-23
159222.SZ,自由现金流ETF易方达,224,2025-04-17,2026-03-23
159221.SZ,现金流ETF嘉实,209,2025-05-13,2026-03-23
159220.SZ,港股通红利低波ETF华宝,210,2025-05-12,2026-03-23
159219.SZ,深证100ETF融通,209,2025-05-13,2026-03-23
159218.SZ,卫星ETF招商,202,2025-05-22,2026-03-23
159217.SZ,港股通创新药ETF工银,233,2025-04-03,2026-03-23
159216.SZ,深证100ETF大成,227,2025-04-11,2026-03-23
159215.SZ,A500ETF平安,232,2025-04-07,2026-03-23
159213.SZ,机器人ETF汇添富,215,2025-04-30,2026-03-23
159212.SZ,深100ETF南方,230,2025-04-09,2026-03-23
159211.SZ,深证100ETF富国,226,2025-04-15,2026-03-23
159210.SZ,港股通汽车ETF汇添富,194,2025-06-04,2026-03-23
159209.SZ,红利质量ETF招商,241,2025-03-24,2026-03-23
159208.SZ,航空航天ETF万家,210,2025-05-12,2026-03-23
159207.SZ,高股息ETF广发,230,2025-04-09,2026-03-23
159206.SZ,卫星ETF永赢,241,2025-03-24,2026-03-23
159205.SZ,创业板ETF东财,188,2025-06-12,2026-03-23
159203.SZ,大盘成长ETF博时,176,2025-06-30,2026-03-23
159202.SZ,恒生互联网ETF万家,225,2025-04-16,2026-03-23
159201.SZ,自由现金流ETF华夏,241,2025-03-24,2026-03-23
159200.SZ,科创债ETF富国,163,2025-07-17,2026-03-23
159150.SZ,深证50ETF易方达,242,2025-03-24,2026-03-23
159142.SZ,科创创业人工智能ETF景顺,64,2025-12-12,2026-03-23
159141.SZ,科创创业人工智能ETF永赢,65,2025-12-11,2026-03-23
159140.SZ,科创创业人工智能ETF易方达,60,2025-12-18,2026-03-23
159133.SZ,化工ETF天弘,77,2025-11-25,2026-03-23
159131.SZ,港股信息技术ETF,84,2025-11-14,2026-03-23
159130.SZ,恒生生物科技ETF鹏华,75,2025-11-27,2026-03-23
159129.SZ,化工ETF嘉实,84,2025-11-14,2026-03-23
159128.SZ,港股科技ETF天弘,84,2025-11-14,2026-03-23
159127.SZ,港股通红利ETF南方,80,2025-11-20,2026-03-23
159126.SZ,港股通50ETF南方,92,2025-11-03,2026-03-23
159125.SZ,港股通科技ETF招商,89,2025-11-06,2026-03-23
159123.SZ,光伏ETF嘉实,75,2025-11-27,2026-03-23
159122.SZ,创业板新能源ETF富国,92,2025-11-03,2026-03-23
159121.SZ,港股通汽车ETF易方达,78,2025-11-24,2026-03-23
159120.SZ,港股科技30ETF,84,2025-11-14,2026-03-23
159119.SZ,800现金流ETF招商,84,2025-11-14,2026-03-23
159118.SZ,港股通红利低波ETF华夏,75,2025-11-27,2026-03-23
159117.SZ,港股通红利低波ETF,103,2025-10-17,2026-03-23
159116.SZ,科创债ETF工银,114,2025-09-24,2026-03-23
159115.SZ,科创债ETF华安,114,2025-09-24,2026-03-23
159113.SZ,科创债ETF大成,114,2025-09-24,2026-03-23
159112.SZ,科创债ETF银华,114,2025-09-24,2026-03-23
159111.SZ,科创债ETF天弘,114,2025-09-24,2026-03-23
159110.SZ,科创债ETF万家,114,2025-09-24,2026-03-23
159109.SZ,恒生50ETF景顺,108,2025-10-10,2026-03-23
159108.SZ,工业软件ETF博时,78,2025-11-24,2026-03-23
159107.SZ,创业板软件ETF富国,116,2025-09-22,2026-03-23
159106.SZ,民企300ETF前海开源,100,2025-10-22,2026-03-23
159105.SZ,恒生生物科技ETF易方达,92,2025-11-03,2026-03-23
159103.SZ,金融科技ETF汇添富,124,2025-09-10,2026-03-23
159102.SZ,港股通生物科技ETF华安,120,2025-09-16,2026-03-23
159101.SZ,港股通科技ETF华夏,129,2025-09-03,2026-03-23
159100.SZ,巴西ETF华夏,84,2025-11-14,2026-03-23
159001.SZ,货币ETF易方达,242,2025-03-24,2026-03-23
589990.SS,科创综指ETF华泰柏瑞,241,2025-03-24,2026-03-23
589980.SS,科创100ETF汇添富,210,2025-05-12,2026-03-23
589960.SS,科创新能源ETF易方达,116,2025-09-22,2026-03-23
589950.SS,科创100ETF富国,107,2025-09-29,2026-03-23
589900.SS,科创综指ETF博时,241,2025-03-24,2026-03-23
589890.SS,科创综指ETF景顺,241,2025-03-24,2026-03-23
589880.SS,科创综指ETF建信,241,2025-03-24,2026-03-23
589860.SS,科创综指ETF天弘,241,2025-03-24,2026-03-23
589850.SS,科创50ETF东财,146,2025-08-11,2026-03-23
589820.SS,科创200ETF建信,125,2025-08-27,2026-03-23
589800.SS,科创综指ETF易方达,241,2025-03-24,2026-03-23
589780.SS,科创200ETF富国,115,2025-09-17,2026-03-23
589770.SS,科创综指ETF招商,241,2025-03-24,2026-03-23
589720.SS,科创创新药ETF国泰,152,2025-08-01,2026-03-23
589700.SS,科创成长ETF南方,193,2025-06-05,2026-03-23
589680.SS,科创综指ETF鹏华,241,2025-03-24,2026-03-23
589660.SS,科创综指ETF南方,241,2025-03-24,2026-03-23
589630.SS,科创综指ETF国泰,241,2025-03-24,2026-03-23
589600.SS,科创综指ETF富国,241,2025-03-24,2026-03-23
589580.SS,科创综指ETF兴银,189,2025-06-11,2026-03-23
589560.SS,科创人工智能ETF汇添富,127,2025-09-05,2026-03-23
589550.SS,科创价值ETF华夏,159,2025-07-16,2026-03-23
589520.SS,科创人工智能ETF华宝,241,2025-03-24,2026-03-23
589500.SS,科创综指ETF工银,241,2025-03-24,2026-03-23
589380.SS,科创AIETF富国,175,2025-07-01,2026-03-23
589300.SS,科创综指ETF嘉实,227,2025-04-09,2026-03-23
589200.SS,科创200ETF工银,151,2025-07-23,2026-03-23
589180.SS,科创新材料ETF汇添富,186,2025-06-16,2026-03-23
589120.SS,科创创新药ETF汇添富,117,2025-09-19,2026-03-23
589110.SS,科创人工智能ETF国泰,105,2025-10-15,2026-03-23
589100.SS,科创芯片ETF国泰,235,2025-03-26,2026-03-23
589090.SS,科创AIETF鹏华,138,2025-08-13,2026-03-23
589080.SS,科创综指ETF汇添富,241,2025-03-24,2026-03-23
589060.SS,科创综指ETF东财,239,2025-03-26,2026-03-23
589050.SS,科创综指ETF兴业,141,2025-08-18,2026-03-23
589020.SS,科创半导体设备ETF鹏华,131,2025-08-27,2026-03-23
589000.SS,科创综指ETF华夏,241,2025-03-24,2026-03-23
588990.SS,科创芯片ETF博时,241,2025-03-24,2026-03-23
588980.SS,科创100ETF广发,152,2025-08-01,2026-03-23
588960.SS,科创新能源ETF富国,241,2025-03-24,2026-03-23
588950.SS,科创50ETF景顺,241,2025-03-24,2026-03-23
588940.SS,科创50ETF富国,195,2025-06-03,2026-03-23
588930.SS,科创人工智能ETF银华,241,2025-03-24,2026-03-23
588920.SS,科创芯片ETF鹏华,156,2025-07-28,2026-03-23
588910.SS,科创价值ETF建信,234,2025-03-28,2026-03-23
588900.SS,科创100ETF南方,241,2025-03-24,2026-03-23
588880.SS,科创100ETF华泰柏瑞,242,2025-03-24,2026-03-23
588870.SS,科创50ETF汇添富,241,2025-03-24,2026-03-23
588860.SS,科创医药ETF工银,241,2025-03-24,2026-03-23
588850.SS,科创机械ETF嘉实,222,2025-04-16,2026-03-23
588840.SS,科创50ETF万家,241,2025-03-24,2026-03-23
588820.SS,科创200ETF华夏,241,2025-03-24,2026-03-23
588810.SS,科创芯片ETF富国,241,2025-03-24,2026-03-23
588800.SS,科创100ETF华夏,110,2025-10-09,2026-03-23
588790.SS,科创AIETF博时,241,2025-03-24,2026-03-23
588780.SS,科创芯片设计ETF,242,2025-03-24,2026-03-23
588770.SS,科创信息ETF摩根,241,2025-03-24,2026-03-23
588760.SS,科创人工智能ETF广发,241,2025-03-24,2026-03-23
588750.SS,科创芯片ETF汇添富,241,2025-03-24,2026-03-23
588730.SS,科创人工智能ETF易方达,241,2025-03-24,2026-03-23
588720.SS,科创50ETF中银,231,2025-03-27,2026-03-23
588710.SS,科创半导体设备ETF华泰柏瑞,194,2025-06-04,2026-03-23
588700.SS,科创医药ETF嘉实,242,2025-03-24,2026-03-23
588690.SS,科创增强ETF银华,132,2025-08-29,2026-03-23
588680.SS,科创100增强ETF广发,241,2025-03-24,2026-03-23
588670.SS,科创综指增强ETF嘉实,187,2025-06-13,2026-03-23
588660.SS,科创创业50ETF兴银,241,2025-03-24,2026-03-23
588550.SS,科创综指增强ETF易方达,128,2025-08-27,2026-03-23
588520.SS,科创增强ETF永赢,170,2025-07-08,2026-03-23
588500.SS,科创100增强ETF易方达,241,2025-03-24,2026-03-23
588460.SS,科创50增强ETF,241,2025-03-24,2026-03-23
588450.SS,科创50增强ETF招商,241,2025-03-24,2026-03-23
588400.SS,科创创业ETF嘉实,110,2025-10-09,2026-03-23
588390.SS,科创创业ETF博时,242,2025-03-24,2026-03-23
588380.SS,科创创业ETF富国,242,2025-03-24,2026-03-23
588370.SS,科创50增强ETF南方,241,2025-03-24,2026-03-23
588360.SS,科创创业ETF国泰,242,2025-03-24,2026-03-23
588350.SS,科创创业50ETF鹏扬,241,2025-03-24,2026-03-23
588330.SS,双创龙头ETF,242,2025-03-24,2026-03-23
588320.SS,双创50增强ETF广发,241,2025-03-24,2026-03-23
588310.SS,科创创业ETF方正富邦,242,2025-03-24,2026-03-23
588300.SS,科创创业50ETF招商,110,2025-10-09,2026-03-23
588290.SS,科创芯片ETF华安,241,2025-03-24,2026-03-23
588280.SS,科创50ETF华安,242,2025-03-24,2026-03-23
588260.SS,科创信息ETF华安,242,2025-03-24,2026-03-23
588250.SS,科创生物医药ETF,241,2025-03-24,2026-03-23
588240.SS,科创200ETF鹏华,241,2025-03-24,2026-03-23
588230.SS,科创200ETF华泰柏瑞,241,2025-03-24,2026-03-23
588220.SS,科创100ETF鹏华,110,2025-10-09,2026-03-23
588210.SS,科创100ETF易方达,242,2025-03-24,2026-03-23
588200.SS,科创芯片ETF嘉实,241,2025-03-24,2026-03-23
588190.SS,科创100ETF,242,2025-03-24,2026-03-23
588180.SS,科创50ETF基金,242,2025-03-24,2026-03-23
588160.SS,科创新材料ETF南方,241,2025-03-24,2026-03-23
588150.SS,科创50ETF南方,242,2025-03-24,2026-03-23
588140.SS,科创200ETF广发,109,2025-09-26,2026-03-23
588130.SS,科创医药ETF华夏,198,2025-05-28,2026-03-23
588120.SS,科创100ETF国泰,242,2025-03-24,2026-03-23
588110.SS,科创成长ETF广发,242,2025-03-24,2026-03-23
588100.SS,科创信息ETF嘉实,242,2025-03-24,2026-03-23
588090.SS,科创50ETF华泰柏瑞,241,2025-03-24,2026-03-23
588080.SS,科创50ETF易方达,241,2025-03-24,2026-03-23
588070.SS,科创成长ETF万家,241,2025-03-24,2026-03-23
588060.SS,科创50ETF广发,241,2025-03-24,2026-03-23
588050.SS,科创50ETF工银,241,2025-03-24,2026-03-23
588040.SS,科创50ETF鹏华,227,2025-04-14,2026-03-23
588030.SS,科创100ETF博时,242,2025-03-24,2026-03-23
588010.SS,科创新材料ETF博时,241,2025-03-24,2026-03-23
563990.SS,800现金流ETF富国,222,2025-04-16,2026-03-23
563980.SS,800红利低波ETF鑫元,88,2025-11-07,2026-03-23
563900.SS,300自由现金流ETF摩根,217,2025-04-24,2026-03-23
563890.SS,国企红利ETF创金合信,103,2025-10-17,2026-03-23
563880.SS,A500ETF汇添富,241,2025-03-24,2026-03-23
563860.SS,中证A500ETF海富通,241,2025-03-24,2026-03-23
563830.SS,全指现金流ETF博时,205,2025-05-14,2026-03-23
563800.SS,A500ETF广发,241,2025-03-24,2026-03-23
563780.SS,现金流全指ETF方正富邦,209,2025-05-13,2026-03-23
563770.SS,全指现金流ETF招商,209,2025-05-08,2026-03-23
563760.SS,全指现金流ETF中银,192,2025-06-06,2026-03-23
563750.SS,中证500ETF汇添富,94,2025-10-30,2026-03-23
563700.SS,红利价值ETF易方达,217,2025-04-28,2026-03-23
563690.SS,红利低波ETF永赢,112,2025-09-23,2026-03-23
563680.SS,800现金流ETF汇添富,207,2025-05-15,2026-03-23
563670.SS,金融科技ETF鹏华,106,2025-10-14,2026-03-23
563660.SS,A500ETF银河,234,2025-04-02,2026-03-23
563650.SS,中证A500ETF兴业,233,2025-04-03,2026-03-23
563630.SS,A500增强ETF国联安,175,2025-07-01,2026-03-23
563620.SS,全指现金流ETF兴业,139,2025-08-20,2026-03-23
563600.SS,A500增强ETF易方达,118,2025-09-10,2026-03-23
563590.SS,A500红利低波动ETF国寿,90,2025-11-05,2026-03-23
563580.SS,自由现金流800ETF万家,160,2025-07-16,2026-03-23
563570.SS,金融科技ETF兴业,86,2025-11-11,2026-03-23
563550.SS,A500增强ETF摩根,209,2025-05-08,2026-03-23
563530.SS,卫星ETF易方达,84,2025-11-14,2026-03-23
563520.SS,沪深300ETF永赢,241,2025-03-24,2026-03-23
563510.SS,A500红利低波ETF易方达,73,2025-12-01,2026-03-23
563390.SS,全指现金流ETF华泰柏瑞,215,2025-04-30,2026-03-23
563380.SS,航空航天ETF华泰柏瑞,88,2025-11-07,2026-03-23
563350.SS,A50ETF华泰柏瑞,241,2025-03-24,2026-03-23
563330.SS,A股ETF华泰柏瑞,242,2025-03-24,2026-03-23
563320.SS,通用航空ETF华泰柏瑞,129,2025-09-03,2026-03-23
563300.SS,中证2000ETF华泰柏瑞,242,2025-03-24,2026-03-23
563280.SS,A50增强ETF富国,242,2025-03-24,2026-03-23
563230.SS,卫星ETF富国,119,2025-09-17,2026-03-23
563220.SS,A500ETF富国,241,2025-03-24,2026-03-23
563210.SS,专精特新ETF富国,241,2025-03-24,2026-03-23
563200.SS,中证2000ETF富国,241,2025-03-24,2026-03-23
563180.SS,高股息ETF,241,2025-03-24,2026-03-23
563150.SS,油气ETF银华,241,2025-03-24,2026-03-23
563090.SS,上证50增强ETF易方达,241,2025-03-24,2026-03-23
563080.SS,中证A50ETF易方达,109,2025-10-09,2026-03-23
563060.SS,央企50ETF易方达,210,2025-05-08,2026-03-23
563050.SS,央企科技ETF易方达,241,2025-03-24,2026-03-23
563030.SS,中证500增强ETF易方达,241,2025-03-24,2026-03-23
563020.SS,红利低波ETF易方达,110,2025-10-09,2026-03-23
563010.SS,电信ETF易方达,242,2025-03-24,2026-03-23
563000.SS,中国A50ETF易方达,110,2025-10-09,2026-03-23
562990.SS,碳中和ETF易方达,241,2025-03-24,2026-03-23
562970.SS,光伏ETF易方达,241,2025-03-24,2026-03-23
562960.SS,绿色电力ETF易方达,242,2025-03-24,2026-03-23
562950.SS,消费电子ETF易方达,242,2025-03-24,2026-03-23
562930.SS,软件ETF易方达,241,2025-03-24,2026-03-23
562920.SS,信息安全ETF易方达,242,2025-03-24,2026-03-23
562910.SS,高端制造ETF易方达,242,2025-03-24,2026-03-23
562900.SS,农业ETF易方达,242,2025-03-24,2026-03-23
562890.SS,A50ETF嘉实,241,2025-03-24,2026-03-23
562880.SS,电池ETF嘉实,242,2025-03-24,2026-03-23
562870.SS,证券ETF嘉实,157,2025-07-25,2026-03-23
562860.SS,疫苗ETF嘉实,241,2025-03-24,2026-03-23
562850.SS,央企能源ETF嘉实,242,2025-03-24,2026-03-23
562820.SS,集成电路ETF嘉实,241,2025-03-24,2026-03-23
562810.SS,上证指数增强ETF嘉实,241,2025-03-24,2026-03-23
562800.SS,稀有金属ETF嘉实,242,2025-03-24,2026-03-23
562700.SS,汽车零部件ETF华夏,241,2025-03-24,2026-03-23
562660.SS,中证2000ETF华夏,242,2025-03-24,2026-03-23
562600.SS,医疗器械ETF华夏,242,2025-03-24,2026-03-23
562590.SS,半导体设备ETF华夏,241,2025-03-24,2026-03-23
562580.SS,可选消费ETF华夏,241,2025-03-24,2026-03-23
562560.SS,信息技术ETF华夏,241,2025-03-24,2026-03-23
562550.SS,绿电ETF华夏,241,2025-03-24,2026-03-23
562530.SS,中证1000价值ETF华夏,241,2025-03-24,2026-03-23
562520.SS,中证1000成长ETF华夏,242,2025-03-24,2026-03-23
562510.SS,旅游ETF华夏,110,2025-10-09,2026-03-23
562500.SS,机器人ETF华夏,242,2025-03-24,2026-03-23
562390.SS,中药ETF银华,241,2025-03-24,2026-03-23
562380.SS,央企科技ETF银华,242,2025-03-24,2026-03-23
562360.SS,机器人ETF银华,242,2025-03-24,2026-03-23
562350.SS,电力ETF银华,241,2025-03-24,2026-03-23
562340.SS,中证500成长ETF银华,242,2025-03-24,2026-03-23
562330.SS,中证500价值ETF银华,242,2025-03-24,2026-03-23
562320.SS,沪深300价值ETF银华,241,2025-03-24,2026-03-23
562310.SS,沪深300成长ETF银华,241,2025-03-24,2026-03-23
562300.SS,碳中和ETF银华,242,2025-03-24,2026-03-23
562080.SS,300现金流ETF,226,2025-04-15,2026-03-23
562060.SS,标普A股红利ETF华宝,110,2025-10-09,2026-03-23
562050.SS,药ETF,183,2025-06-19,2026-03-23
562030.SS,信创ETF基金,242,2025-03-24,2026-03-23
562010.SS,绿色能源ETF,241,2025-03-24,2026-03-23
562000.SS,中证A100ETF基金,241,2025-03-24,2026-03-23
561990.SS,沪深300增强ETF招商,110,2025-10-09,2026-03-23
561980.SS,半导体设备ETF招商,241,2025-03-24,2026-03-23
561960.SS,央企回报ETF招商,241,2025-03-24,2026-03-23
561950.SS,中证500增强ETF招商,242,2025-03-24,2026-03-23
561930.SS,沪深300ETF招商,241,2025-03-24,2026-03-23
561920.SS,疫苗ETF招商,241,2025-03-24,2026-03-23
561910.SS,电池ETF招商,242,2025-03-24,2026-03-23
561900.SS,沪深300ESGETF招商,242,2025-03-24,2026-03-23
561880.SS,A100ETF基金,241,2025-03-24,2026-03-23
561870.SS,自由现金流ETF全指,211,2025-05-09,2026-03-23
561800.SS,稀有金属ETF华富,242,2025-03-24,2026-03-23
561790.SS,央企能源ETF博时,242,2025-03-24,2026-03-23
561780.SS,1000增强ETF博时,241,2025-03-24,2026-03-23
561770.SS,A100ETF博时,180,2025-06-24,2026-03-23
561760.SS,油气ETF博时,241,2025-03-24,2026-03-23
561750.SS,A50ETF博时,196,2025-05-30,2026-03-23
561700.SS,电力ETF博时,241,2025-03-24,2026-03-23
561680.SS,A500红利低波ETF平安,127,2025-09-05,2026-03-23
561660.SS,通用航空ETF平安,87,2025-11-10,2026-03-23
561600.SS,消费电子ETF平安,242,2025-03-24,2026-03-23
561590.SS,中证1000增强ETF华泰柏瑞,241,2025-03-24,2026-03-23
561580.SS,央企红利ETF华泰柏瑞,242,2025-03-24,2026-03-23
561570.SS,油气ETF华泰柏瑞,241,2025-03-24,2026-03-23
561560.SS,电力ETF华泰柏瑞,242,2025-03-24,2026-03-23
561550.SS,中证500增强ETF华泰柏瑞,110,2025-10-09,2026-03-23
561510.SS,中药ETF华泰柏瑞,241,2025-03-24,2026-03-23
561500.SS,漂亮50ETF华泰柏瑞,242,2025-03-24,2026-03-23
561380.SS,电网设备ETF国泰,241,2025-03-24,2026-03-23
561370.SS,中证2000ETF国泰,242,2025-03-24,2026-03-23
561360.SS,石油ETF国泰,241,2025-03-24,2026-03-23
561350.SS,中证500ETF国泰,242,2025-03-24,2026-03-23
561330.SS,矿业ETF国泰,241,2025-03-24,2026-03-23
561320.SS,交运ETF国泰,241,2025-03-24,2026-03-23
561310.SS,消电ETF国泰,242,2025-03-24,2026-03-23
561300.SS,沪深300增强ETF国泰,110,2025-10-09,2026-03-23
561280.SS,中证1000增强ETF工银,242,2025-03-24,2026-03-23
561260.SS,能源ETF工银,242,2025-03-24,2026-03-23
561230.SS,中证A50ETF工银,109,2025-10-09,2026-03-23
561220.SS,数字经济ETF工银,196,2025-05-30,2026-03-23
561200.SS,中证A100ETF工银,242,2025-03-24,2026-03-23
561190.SS,碳中和ETF富国,241,2025-03-24,2026-03-23
561180.SS,A100ETF富国,241,2025-03-24,2026-03-23
561170.SS,绿色电力ETF富国,241,2025-03-24,2026-03-23
561160.SS,电池ETF富国,241,2025-03-24,2026-03-23
561130.SS,国货ETF富国,242,2025-03-24,2026-03-23
561120.SS,家电ETF富国,242,2025-03-24,2026-03-23
561100.SS,消费电子ETF富国,242,2025-03-24,2026-03-23
561090.SS,A500增强ETF华安,174,2025-07-02,2026-03-23
561080.SS,全指现金流ETF华安,215,2025-04-30,2026-03-23
561060.SS,国企红利ETF华安,242,2025-03-24,2026-03-23
561010.SS,软件ETF华安,242,2025-03-24,2026-03-23
561000.SS,沪深300增强ETF华安,241,2025-03-24,2026-03-23
560990.SS,科技先锋ETF中金,242,2025-03-24,2026-03-23
560980.SS,光伏龙头ETF广发,241,2025-03-24,2026-03-23
560950.SS,中证500增强ETF汇添富,241,2025-03-24,2026-03-23
560900.SS,创新药ETF摩根,242,2025-03-24,2026-03-23
560890.SS,红利低波ETF新华,220,2025-03-24,2026-02-12
560880.SS,家电ETF广发,110,2025-10-09,2026-03-23
560860.SS,工业有色ETF万家,241,2025-03-24,2026-03-23
560850.SS,信创ETF汇添富,241,2025-03-24,2026-03-23
560820.SS,中证A50ETF新华,227,2025-03-28,2026-03-23
560810.SS,央企ESGETF融通,241,2025-03-24,2026-03-23
560800.SS,数字经济ETF鹏扬,242,2025-03-24,2026-03-23
560780.SS,半导体设备ETF广发,242,2025-03-24,2026-03-23
560770.SS,机器人ETF招商,131,2025-09-01,2026-03-23
560750.SS,A500ETF申万菱信,241,2025-03-24,2026-03-23
560700.SS,央企红利ETF广发,241,2025-03-24,2026-03-23
560690.SS,电信ETF鹏华,241,2025-03-24,2026-03-23
560680.SS,消费ETF广发,241,2025-03-24,2026-03-23
560660.SS,云计算50ETF新华,242,2025-03-24,2026-03-23
560650.SS,核心50ETF民生加银,242,2025-03-24,2026-03-23
560630.SS,机器人ETF万家,237,2025-03-28,2026-03-23
560620.SS,公用事业ETF万家,241,2025-03-24,2026-03-23
560610.SS,A500ETF招商,241,2025-03-24,2026-03-23
560590.SS,中证1000增强ETF鹏华,242,2025-03-24,2026-03-23
560580.SS,电力ETF南方,241,2025-03-24,2026-03-23
560570.SS,A500红利ETF,118,2025-09-18,2026-03-23
560560.SS,碳中和ETF泰康,242,2025-03-24,2026-03-23
560550.SS,碳中和ETF广发,241,2025-03-24,2026-03-23
560530.SS,中证A500ETF摩根,241,2025-03-24,2026-03-23
560520.SS,红利低波100ETF大成,241,2025-03-24,2026-03-23
560510.SS,中证A500ETF泰康,241,2025-03-24,2026-03-23
560500.SS,500质量成长ETF鹏扬,242,2025-03-24,2026-03-23
560380.SS,A100ETF南方,241,2025-03-24,2026-03-23
560360.SS,软件ETF万家,241,2025-03-24,2026-03-23
560350.SS,中证A50ETF摩根,241,2025-03-24,2026-03-23
560330.SS,沪深300价值ETF申万菱信,241,2025-03-24,2026-03-23
560300.SS,电信ETF汇添富,242,2025-03-24,2026-03-23
560280.SS,工程机械ETF广发,241,2025-03-24,2026-03-23
560260.SS,医疗ETF广发,242,2025-03-24,2026-03-23
560220.SS,中证2000ETF广发,242,2025-03-24,2026-03-23
560190.SS,公用事业ETF,241,2025-03-24,2026-03-23
560180.SS,沪深300ESGETF南方,242,2025-03-24,2026-03-23
560170.SS,央企科技ETF南方,110,2025-10-09,2026-03-23
560150.SS,红利低波ETF泰康,241,2025-03-24,2026-03-23
560120.SS,中证500现金流ETF华夏,150,2025-08-05,2026-03-23
560110.SS,中证1000ETF汇添富,241,2025-03-24,2026-03-23
560100.SS,中证500增强ETF南方,242,2025-03-24,2026-03-23
560090.SS,证券ETF汇添富,241,2025-03-24,2026-03-23
560080.SS,中药ETF,241,2025-03-24,2026-03-23
560070.SS,央企红利ETF汇添富,241,2025-03-24,2026-03-23
560060.SS,碳中和ETF汇添富,241,2025-03-24,2026-03-23
560050.SS,中国A50ETF汇添富,242,2025-03-24,2026-03-23
560030.SS,800价值ETF汇添富,242,2025-03-24,2026-03-23
560020.SS,红利ETF汇添富,241,2025-03-24,2026-03-23
560010.SS,中证1000ETF广发,242,2025-03-24,2026-03-23
560000.SS,智能电车ETF浦银,242,2025-03-24,2026-03-23
551900.SS,科创债ETF招商,163,2025-07-17,2026-03-23
551800.SS,科创债ETF国泰,114,2025-09-24,2026-03-23
551580.SS,科创债ETF泰康,114,2025-09-24,2026-03-23
551560.SS,科创债ETF兴业,114,2025-09-24,2026-03-23
551550.SS,科创债ETF华夏,163,2025-07-17,2026-03-23
551520.SS,科创债ETF汇添富,114,2025-09-24,2026-03-23
551510.SS,科创债ETF华泰柏瑞,114,2025-09-24,2026-03-23
551500.SS,科创债ETF易方达,163,2025-07-17,2026-03-23
551300.SS,科创债ETF摩根,114,2025-09-24,2026-03-23
551060.SS,科创债ETF中银,114,2025-09-24,2026-03-23
551030.SS,科创债ETF鹏华,163,2025-07-17,2026-03-23
551000.SS,科创债ETF博时,163,2025-07-17,2026-03-23
530880.SS,红利国企ETF银河,241,2025-03-24,2026-03-23
530800.SS,上证180ETF银华,241,2025-03-24,2026-03-23
530680.SS,上证180ETF兴业,241,2025-03-24,2026-03-23
530580.SS,上证180ETF南方,241,2025-03-24,2026-03-23
530530.SS,上证580ETF华夏,135,2025-08-20,2026-03-23
530380.SS,上证380ETF易方达,110,2025-09-30,2026-03-23
530300.SS,上证180ETF华泰柏瑞,241,2025-03-24,2026-03-23
530280.SS,上证180ETF平安,241,2025-03-24,2026-03-23
530180.SS,上证180ETF易方达,241,2025-03-24,2026-03-23
530100.SS,上证580ETF易方达,100,2025-10-22,2026-03-23
530080.SS,上证180ETF天弘,241,2025-03-24,2026-03-23
530050.SS,上证50ETF东财,241,2025-03-24,2026-03-23
530000.SS,上证50ETF天弘,241,2025-03-24,2026-03-23
520990.SS,港股央企红利ETF景顺,241,2025-03-24,2026-03-23
520980.SS,港股通科技ETF汇添富,174,2025-07-02,2026-03-23
520970.SS,港股通创新药ETF嘉实,148,2025-08-07,2026-03-23
520960.SS,恒指港股通ETF嘉实,93,2025-10-31,2026-03-23
520950.SS,港股通50ETF摩根,77,2025-11-25,2026-03-23
520940.SS,港股通恒生ETF华安,191,2025-06-09,2026-03-23
520920.SS,恒生科技ETF天弘,110,2025-09-30,2026-03-23
520900.SS,港股通红利ETF广发,241,2025-03-24,2026-03-23
520890.SS,港股通红利低波ETF华泰柏瑞,241,2025-03-24,2026-03-23
520880.SS,港股通创新药ETF,171,2025-07-07,2026-03-23
520870.SS,巴西ETF易方达,84,2025-11-14,2026-03-23
520860.SS,港股通科技ETF富国,160,2025-07-16,2026-03-23
520840.SS,港股通恒生科技ETF华安,139,2025-08-14,2026-03-23
520830.SS,沙特ETF华泰柏瑞,241,2025-03-24,2026-03-23
520820.SS,恒生港股通ETF汇添富,68,2025-11-19,2026-03-23
520720.SS,港股汽车ETF国泰,116,2025-09-17,2026-03-23
520700.SS,港股通创新药ETF万家,241,2025-03-24,2026-03-23
520690.SS,港股创新药ETF博时,152,2025-08-01,2026-03-23
520670.SS,港股通科技ETF嘉实,144,2025-08-04,2026-03-23
520660.SS,港股通央企红利ETF南方,241,2025-03-24,2026-03-23
520650.SS,港股通互联网ETF南方,87,2025-11-10,2026-03-23
520620.SS,恒生消费ETF嘉实,143,2025-08-11,2026-03-23
520600.SS,港股通汽车ETF广发,241,2025-03-24,2026-03-23
520590.SS,恒生科技ETF鹏华,73,2025-12-01,2026-03-23
520580.SS,新兴亚洲ETF招商,242,2025-03-24,2026-03-23
520570.SS,恒生科技ETF南方,83,2025-11-17,2026-03-23
520560.SS,香港大盘30ETF,111,2025-09-24,2026-03-23
520550.SS,港股红利低波ETF招商,241,2025-03-24,2026-03-23
520530.SS,港股通科技ETF东财,68,2025-12-08,2026-03-23
520520.SS,恒生消费ETF华泰柏瑞,241,2025-03-24,2026-03-23
520510.SS,港股通医疗ETF华夏,151,2025-07-28,2026-03-23
520500.SS,恒生创新药ETF华泰柏瑞,241,2025-03-24,2026-03-23
518890.SS,上海金ETF中银,241,2025-03-24,2026-03-23
518860.SS,上海金ETF建信,242,2025-03-24,2026-03-23
518850.SS,黄金ETF华夏,242,2025-03-24,2026-03-23
518800.SS,黄金ETF国泰,241,2025-03-24,2026-03-23
518680.SS,金ETF富国,242,2025-03-24,2026-03-23
518660.SS,黄金ETF工银,241,2025-03-24,2026-03-23
518600.SS,金ETF广发,242,2025-03-24,2026-03-23
517990.SS,沪港深医药ETF招商,242,2025-03-24,2026-03-23
517950.SS,沪深港科技50ETF交银,60,2025-12-18,2026-03-23
517900.SS,银行AH优选ETF招商,242,2025-03-24,2026-03-23
517880.SS,品牌消费ETF华泰柏瑞,242,2025-03-24,2026-03-23
517850.SS,张江ETF汇添富,242,2025-03-24,2026-03-23
517800.SS,人工智能50ETF方正富邦,242,2025-03-24,2026-03-23
517770.SS,游戏传媒ETF浦银,242,2025-03-24,2026-03-23
517660.SS,物联网ETF天弘,242,2025-03-24,2026-03-23
517550.SS,沪港深消费龙头ETF招商,242,2025-03-24,2026-03-23
517520.SS,黄金股ETF永赢,242,2025-03-24,2026-03-23
517400.SS,黄金股ETF国泰,241,2025-03-24,2026-03-23
517390.SS,云计算ETF天弘,242,2025-03-24,2026-03-23
517380.SS,创新药ETF天弘,242,2025-03-24,2026-03-23
517360.SS,沪港深科技ETF华安,242,2025-03-24,2026-03-23
517350.SS,沪港深科技ETF广发,242,2025-03-24,2026-03-23
517330.SS,长江保护ETF易方达,241,2025-03-24,2026-03-23
517300.SS,沪港深300ETF国寿,242,2025-03-24,2026-03-23
517200.SS,互联网ETF嘉实,242,2025-03-24,2026-03-23
517180.SS,中国国企ETF南方,110,2025-10-09,2026-03-23
517170.SS,沪港深500ETF华夏,242,2025-03-24,2026-03-23
517160.SS,长江保护ETF南方,241,2025-03-24,2026-03-23
517120.SS,创新药ETF华泰柏瑞,242,2025-03-24,2026-03-23
517110.SS,创新药ETF国泰,242,2025-03-24,2026-03-23
517100.SS,沪港深500ETF富国,242,2025-03-24,2026-03-23
517090.SS,央企共赢ETF国泰,242,2025-03-24,2026-03-23
517080.SS,沪港深500ETF汇添富,242,2025-03-24,2026-03-23
517050.SS,互联网ETF华泰柏瑞,242,2025-03-24,2026-03-23
517030.SS,沪港深300ETF易方达,242,2025-03-24,2026-03-23
517010.SS,沪港深500ETF易方达,242,2025-03-24,2026-03-23
517000.SS,沪港深500ETF,242,2025-03-24,2026-03-23
516980.SS,证券ETF先锋,242,2025-03-24,2026-03-23
516970.SS,基建ETF广发,110,2025-10-09,2026-03-23
516960.SS,机械ETF国泰,242,2025-03-24,2026-03-23
516950.SS,基建ETF银华,242,2025-03-24,2026-03-23
516930.SS,生物科技ETF民生加银,242,2025-03-24,2026-03-23
516920.SS,芯片ETF汇添富,242,2025-03-24,2026-03-23
516910.SS,物流ETF富国,242,2025-03-24,2026-03-23
516900.SS,食品饮料ETF华安,242,2025-03-24,2026-03-23
516890.SS,新材料ETF平安,242,2025-03-24,2026-03-23
516880.SS,光伏ETF银华,110,2025-10-09,2026-03-23
516860.SS,金融科技ETF博时,242,2025-03-24,2026-03-23
516850.SS,新能源ETF华夏,241,2025-03-24,2026-03-23
516830.SS,沪深300ESGETF富国,242,2025-03-24,2026-03-23
516820.SS,医疗创新ETF平安,110,2025-10-09,2026-03-23
516810.SS,农业ETF华夏,242,2025-03-24,2026-03-23
516800.SS,智能制造ETF,242,2025-03-24,2026-03-23
516790.SS,医疗ETF华泰柏瑞,242,2025-03-24,2026-03-23
516780.SS,稀土ETF华泰柏瑞,241,2025-03-24,2026-03-23
516770.SS,游戏ETF华泰柏瑞,241,2025-03-24,2026-03-23
516760.SS,养殖ETF平安,241,2025-03-24,2026-03-23
516750.SS,建材ETF富国,242,2025-03-24,2026-03-23
516730.SS,证券ETF浦银,242,2025-03-24,2026-03-23
516720.SS,ESGETF浦银,242,2025-03-24,2026-03-23
516710.SS,新材料ETF华夏,242,2025-03-24,2026-03-23
516700.SS,大数据产业ETF,242,2025-03-24,2026-03-23
516670.SS,畜牧养殖ETF招商,242,2025-03-24,2026-03-23
516660.SS,新能源车ETF华安,242,2025-03-24,2026-03-23
516640.SS,芯片ETF富国,242,2025-03-24,2026-03-23
516630.SS,云计算ETF华夏,242,2025-03-24,2026-03-23
516620.SS,影视ETF国泰,242,2025-03-24,2026-03-23
516610.SS,医疗设备ETF大成,242,2025-03-24,2026-03-23
516600.SS,消费服务ETF工银,242,2025-03-24,2026-03-23
516590.SS,智能汽车ETF易方达,242,2025-03-24,2026-03-23
516580.SS,新能源ETF博时,242,2025-03-24,2026-03-23
516570.SS,化工行业ETF易方达,242,2025-03-24,2026-03-23
516560.SS,养老ETF,242,2025-03-24,2026-03-23
516550.SS,农业ETF嘉实,242,2025-03-24,2026-03-23
516530.SS,物流ETF银华,242,2025-03-24,2026-03-23
516520.SS,智能驾驶ETF华泰柏瑞,242,2025-03-24,2026-03-23
516500.SS,生物科技ETF华夏,241,2025-03-24,2026-03-23
516460.SS,现金流ETF800鹏华,220,2025-04-17,2026-03-23
516390.SS,新能源车ETF汇添富,242,2025-03-24,2026-03-23
516380.SS,智能电动车ETF,242,2025-03-24,2026-03-23
516360.SS,新材料ETF,242,2025-03-24,2026-03-23
516350.SS,芯片ETF易方达,110,2025-10-09,2026-03-23
516330.SS,物联网ETF华泰柏瑞,241,2025-03-24,2026-03-23
516320.SS,高端装备ETF华夏,242,2025-03-24,2026-03-23
516310.SS,银行ETF易方达,110,2025-10-09,2026-03-23
516300.SS,中证1000ETF华泰柏瑞,241,2025-03-24,2026-03-23
516270.SS,新能源ETF华安,242,2025-03-24,2026-03-23
516260.SS,物联网ETF华夏,242,2025-03-24,2026-03-23
516220.SS,化工ETF国泰,241,2025-03-24,2026-03-23
516210.SS,银行ETF华安,242,2025-03-24,2026-03-23
516200.SS,证券ETF华安,241,2025-03-24,2026-03-23
516190.SS,传媒ETF华夏,242,2025-03-24,2026-03-23
516180.SS,光伏ETF平安,242,2025-03-24,2026-03-23
516150.SS,稀土ETF嘉实,241,2025-03-24,2026-03-23
516130.SS,消费龙头ETF,242,2025-03-24,2026-03-23
516120.SS,化工ETF富国,241,2025-03-24,2026-03-23
516100.SS,金融科技ETF华夏,242,2025-03-24,2026-03-23
516090.SS,新能源ETF易方达,241,2025-03-24,2026-03-23
516070.SS,低碳ETF易方达,242,2025-03-24,2026-03-23
516060.SS,创新药ETF工银,242,2025-03-24,2026-03-23
516050.SS,科技龙头ETF工银,242,2025-03-24,2026-03-23
516020.SS,化工ETF,241,2025-03-24,2026-03-23
516010.SS,游戏ETF国泰,241,2025-03-24,2026-03-23
516000.SS,大数据ETF华夏,242,2025-03-24,2026-03-23
515990.SS,一带一路ETF汇添富,241,2025-03-24,2026-03-23
515980.SS,人工智能ETF,110,2025-10-09,2026-03-23
515960.SS,医药ETF嘉实,241,2025-03-24,2026-03-23
515950.SS,医药50ETF富国,241,2025-03-24,2026-03-23
515920.SS,智能消费ETF博时,241,2025-03-24,2026-03-23
515910.SS,质量ETF中金,242,2025-03-24,2026-03-23
515900.SS,央企创新ETF博时,241,2025-03-24,2026-03-23
515890.SS,红利ETF博时,110,2025-10-09,2026-03-23
515880.SS,通信ETF国泰,241,2025-03-24,2026-03-23
515860.SS,科技ETF嘉实,241,2025-03-24,2026-03-23
515850.SS,证券ETF富国,241,2025-03-24,2026-03-23
515810.SS,中证800ETF易方达,241,2025-03-24,2026-03-23
515800.SS,800ETF,241,2025-03-24,2026-03-23
515770.SS,MSCI中国A股ETF摩根,241,2025-03-24,2026-03-23
515760.SS,浙江国资ETF华夏,242,2025-03-24,2026-03-23
515750.SS,科技50ETF富国,241,2025-03-24,2026-03-23
515730.SS,家居家电ETF永赢,77,2025-11-25,2026-03-23
515720.SS,金融科技ETF富国,112,2025-09-22,2026-03-23
515710.SS,食品饮料ETF华宝,241,2025-03-24,2026-03-23
515700.SS,新能源车ETF平安,241,2025-03-24,2026-03-23
515680.SS,央企创新ETF嘉实,241,2025-03-24,2026-03-23
515660.SS,沪深300ETF国联安,241,2025-03-24,2026-03-23
515650.SS,消费50ETF富国,241,2025-03-24,2026-03-23
515630.SS,证券保险ETF鹏华,241,2025-03-24,2026-03-23
515600.SS,央企创新ETF广发,241,2025-03-24,2026-03-23
515590.SS,500等权ETF,241,2025-03-24,2026-03-23
515580.SS,科技100ETF华泰柏瑞,241,2025-03-24,2026-03-23
515560.SS,证券ETF建信,242,2025-03-24,2026-03-23
515550.SS,中证500ETF国联,241,2025-03-24,2026-03-23
515530.SS,中证500ETF泰康,242,2025-03-24,2026-03-23
515450.SS,红利低波50ETF南方,242,2025-03-24,2026-03-23
515400.SS,大数据ETF富国,241,2025-03-24,2026-03-23
515390.SS,沪深300ETF华安,241,2025-03-24,2026-03-23
515380.SS,沪深300ETF泰康,241,2025-03-24,2026-03-23
515370.SS,光伏ETF华夏,82,2025-11-18,2026-03-23
515360.SS,沪深300ETF方正富邦,241,2025-03-24,2026-03-23
515350.SS,沪深300ETF民生加银,241,2025-03-24,2026-03-23
515330.SS,沪深300ETF天弘,241,2025-03-24,2026-03-23
515320.SS,电子50ETF华安,242,2025-03-24,2026-03-23
515310.SS,沪深300ETF汇添富,241,2025-03-24,2026-03-23
515300.SS,300红利低波ETF嘉实,241,2025-03-24,2026-03-23
515290.SS,银行ETF天弘,241,2025-03-24,2026-03-23
515260.SS,电子ETF,242,2025-03-24,2026-03-23
515250.SS,智能汽车ETF富国,241,2025-03-24,2026-03-23
515230.SS,软件ETF国泰,110,2025-10-09,2026-03-23
515220.SS,煤炭ETF国泰,241,2025-03-24,2026-03-23
515210.SS,钢铁ETF国泰,241,2025-03-24,2026-03-23
515200.SS,创新100ETF申万菱信,241,2025-03-24,2026-03-23
515190.SS,中证500ETF中银证券,241,2025-03-24,2026-03-23
515180.SS,红利ETF易方达,241,2025-03-24,2026-03-23
515170.SS,食品饮料ETF华夏,110,2025-10-09,2026-03-23
515160.SS,MSCI中国ETF招商,110,2025-10-09,2026-03-23
515150.SS,一带一路ETF富国,241,2025-03-24,2026-03-23
515130.SS,沪深300ETF博时,242,2025-03-24,2026-03-23
515120.SS,创新药ETF广发,241,2025-03-24,2026-03-23
515110.SS,一带一路ETF易方达,241,2025-03-24,2026-03-23
515100.SS,红利低波100ETF,242,2025-03-24,2026-03-23
515090.SS,可持续发展ETF博时,242,2025-03-24,2026-03-23
515080.SS,中证红利ETF,241,2025-03-24,2026-03-23
515070.SS,人工智能ETF华夏,241,2025-03-24,2026-03-23
515060.SS,房地产ETF华夏,242,2025-03-24,2026-03-23
515020.SS,银行ETF华夏,241,2025-03-24,2026-03-23
515010.SS,证券ETF华夏,110,2025-10-09,2026-03-23
515000.SS,科技ETF,241,2025-03-24,2026-03-23
513990.SS,港股通ETF招商,242,2025-03-24,2026-03-23
513980.SS,港股科技ETF景顺,242,2025-03-24,2026-03-23
513970.SS,恒生消费ETF景顺,242,2025-03-24,2026-03-23
513950.SS,恒生红利ETF富国,242,2025-03-24,2026-03-23
513920.SS,港股通央企红利ETF华安,242,2025-03-24,2026-03-23
513910.SS,港股通央企红利ETF华夏,241,2025-03-24,2026-03-23
513900.SS,港股通100ETF华安,241,2025-03-24,2026-03-23
513890.SS,恒生科技ETF摩根,242,2025-03-24,2026-03-23
513880.SS,日经225ETF华安,241,2025-03-24,2026-03-23
513870.SS,纳指ETF富国,242,2025-03-24,2026-03-23
513860.SS,港股通科技ETF海富通,242,2025-03-24,2026-03-23
513850.SS,美国50ETF易方达,242,2025-03-24,2026-03-23
513830.SS,港股通高股息ETF嘉实,241,2025-03-24,2026-03-23
513820.SS,港股通红利ETF汇添富,241,2025-03-24,2026-03-23
513810.SS,港股国企ETF华夏,242,2025-03-24,2026-03-23
513800.SS,日本东证指数ETF南方,241,2025-03-24,2026-03-23
513780.SS,港股创新药ETF景顺,241,2025-03-24,2026-03-23
513770.SS,港股互联网ETF,242,2025-03-24,2026-03-23
513750.SS,港股通非银ETF广发,242,2025-03-24,2026-03-23
513730.SS,东南亚科技ETF华泰柏瑞,242,2025-03-24,2026-03-23
513700.SS,港股通医药ETF鹏华,242,2025-03-24,2026-03-23
513690.SS,港股红利ETF博时,242,2025-03-24,2026-03-23
513660.SS,恒生ETF华夏,241,2025-03-24,2026-03-23
513650.SS,标普500ETF南方,242,2025-03-24,2026-03-23
513630.SS,港股低波红利ETF摩根,242,2025-03-24,2026-03-23
513600.SS,恒生指数ETF南方,241,2025-03-24,2026-03-23
513590.SS,港股通消费ETF鹏华,242,2025-03-24,2026-03-23
513580.SS,恒生科技ETF华安,242,2025-03-24,2026-03-23
513560.SS,香港科技ETF兴银,241,2025-03-24,2026-03-23
513550.SS,港股通50ETF华泰柏瑞,242,2025-03-24,2026-03-23
513530.SS,港股通红利ETF华泰柏瑞,242,2025-03-24,2026-03-23
513520.SS,日经ETF华夏,241,2025-03-24,2026-03-23
513500.SS,标普500ETF博时,242,2025-03-24,2026-03-23
513400.SS,道琼斯ETF,242,2025-03-24,2026-03-23
513390.SS,纳指100ETF博时,242,2025-03-24,2026-03-23
513380.SS,恒生科技ETF广发,242,2025-03-24,2026-03-23
513360.SS,教育ETF博时,242,2025-03-24,2026-03-23
513350.SS,标普油气ETF富国,242,2025-03-24,2026-03-23
513330.SS,恒生互联网ETF华夏,241,2025-03-24,2026-03-23
513320.SS,港股通新经济ETF易方达,242,2025-03-24,2026-03-23
513310.SS,中韩半导体ETF华泰柏瑞,241,2025-03-24,2026-03-23
513300.SS,纳斯达克ETF华夏,242,2025-03-24,2026-03-23
513290.SS,纳指生物科技ETF汇添富,242,2025-03-24,2026-03-23
513280.SS,恒生生物科技ETF汇添富,242,2025-03-24,2026-03-23
513260.SS,恒生科技ETF汇添富,242,2025-03-24,2026-03-23
513230.SS,港股通消费ETF华夏,242,2025-03-24,2026-03-23
513220.SS,中概互联ETF招商,242,2025-03-24,2026-03-23
513210.SS,恒生ETF易方达,241,2025-03-24,2026-03-23
513200.SS,港股通医药ETF易方达,242,2025-03-24,2026-03-23
513190.SS,港股通金融ETF华夏,241,2025-03-24,2026-03-23
513180.SS,恒生科技ETF华夏,242,2025-03-24,2026-03-23
513170.SS,恒生央企ETF,241,2025-03-24,2026-03-23
513160.SS,港股科技ETF银华,242,2025-03-24,2026-03-23
513150.SS,港股通科技ETF华泰柏瑞,242,2025-03-24,2026-03-23
513140.SS,港股通金融ETF华泰柏瑞,241,2025-03-24,2026-03-23
513120.SS,港股创新药ETF广发,242,2025-03-24,2026-03-23
513110.SS,纳指ETF华泰柏瑞,242,2025-03-24,2026-03-23
513100.SS,纳指ETF国泰,242,2025-03-24,2026-03-23
513090.SS,香港证券ETF易方达,242,2025-03-24,2026-03-23
513080.SS,法国ETF华安,242,2025-03-24,2026-03-23
513070.SS,港股通消费ETF易方达,242,2025-03-24,2026-03-23
513060.SS,恒生医疗ETF博时,242,2025-03-24,2026-03-23
513040.SS,港股通互联网ETF易方达,242,2025-03-24,2026-03-23
513030.SS,德国ETF华安,242,2025-03-24,2026-03-23
513020.SS,港股科技ETF国泰,242,2025-03-24,2026-03-23
513010.SS,恒生科技ETF易方达,242,2025-03-24,2026-03-23
513000.SS,日经225ETF易方达,241,2025-03-24,2026-03-23
512990.SS,MSCIA股ETF华夏,241,2025-03-24,2026-03-23
512980.SS,传媒ETF广发,241,2025-03-24,2026-03-23
512970.SS,大湾区ETF平安,241,2025-03-24,2026-03-23
512960.SS,央企结构调整ETF博时,241,2025-03-24,2026-03-23
512950.SS,央企改革ETF华夏,241,2025-03-24,2026-03-23
512930.SS,AI人工智能ETF平安,241,2025-03-24,2026-03-23
512910.SS,A100ETF广发,241,2025-03-24,2026-03-23
512900.SS,证券ETF南方,241,2025-03-24,2026-03-23
512890.SS,红利低波ETF华泰柏瑞,241,2025-03-24,2026-03-23
512870.SS,杭州湾区ETF南华,241,2025-03-24,2026-03-23
512820.SS,银行ETF汇添富,241,2025-03-24,2026-03-23
512810.SS,军工ETF华宝,241,2025-03-24,2026-03-23
512770.SS,战略新兴ETF华夏,241,2025-03-24,2026-03-23
512750.SS,基本面50ETF嘉实,241,2025-03-24,2026-03-23
512730.SS,银行ETF鹏华,241,2025-03-24,2026-03-23
512720.SS,计算机ETF国泰,241,2025-03-24,2026-03-23
512710.SS,军工龙头ETF富国,241,2025-03-24,2026-03-23
512700.SS,银行ETF南方,241,2025-03-24,2026-03-23
512680.SS,军工ETF广发,241,2025-03-24,2026-03-23
512670.SS,国防ETF,241,2025-03-24,2026-03-23
512650.SS,长三角ETF汇添富,241,2025-03-24,2026-03-23
512640.SS,金融地产ETF嘉实,241,2025-03-24,2026-03-23
512630.SS,卫星ETF广发,100,2025-10-22,2026-03-23
512620.SS,农业ETF天弘,79,2025-11-21,2026-03-23
512600.SS,消费ETF嘉实,241,2025-03-24,2026-03-23
512580.SS,环保ETF广发,241,2025-03-24,2026-03-23
512570.SS,证券ETF易方达,241,2025-03-24,2026-03-23
512560.SS,军工ETF易方达,241,2025-03-24,2026-03-23
512550.SS,富时A50ETF嘉实,241,2025-03-24,2026-03-23
512530.SS,沪深300红利ETF建信,241,2025-03-24,2026-03-23
512520.SS,MSCI中国ETF华泰柏瑞,241,2025-03-24,2026-03-23
512510.SS,中证500ETF华泰柏瑞,241,2025-03-24,2026-03-23
512500.SS,中证500ETF华夏,241,2025-03-24,2026-03-23
512390.SS,中国低波ETF平安,241,2025-03-24,2026-03-23
512380.SS,MSCI中国ETF银华,241,2025-03-24,2026-03-23
512370.SS,A500增强ETF华夏,144,2025-08-06,2026-03-23
512360.SS,MSCIA股ETF平安,241,2025-03-24,2026-03-23
512330.SS,信息科技ETF南方,241,2025-03-24,2026-03-23
512290.SS,生物医药ETF国泰,241,2025-03-24,2026-03-23
512260.SS,中证500低波动ETF华安,241,2025-03-24,2026-03-23
512250.SS,A50ETF招商,229,2025-04-03,2026-03-23
512240.SS,A50ETF鹏华,235,2025-03-26,2026-03-23
512220.SS,TMTETF,241,2025-03-24,2026-03-23
512190.SS,浙商之江凤凰ETF,241,2025-03-24,2026-03-23
512180.SS,MSCIA股ETF建信,241,2025-03-24,2026-03-23
512160.SS,MSCI中国A股ETF南方,241,2025-03-24,2026-03-23
512150.SS,富时A50ETF汇安,242,2025-03-24,2026-03-23
512130.SS,全指现金流ETF鹏华,175,2025-07-01,2026-03-23
512120.SS,医药ETF华安,241,2025-03-24,2026-03-23
512100.SS,中证1000ETF南方,110,2025-10-09,2026-03-23
512090.SS,MSCIA股ETF易方达,241,2025-03-24,2026-03-23
512080.SS,A500ETF中金,241,2025-03-24,2026-03-23
512070.SS,证券保险ETF易方达,242,2025-03-24,2026-03-23
512060.SS,中证A100ETF天弘,162,2025-07-18,2026-03-23
512050.SS,A500ETF华夏,241,2025-03-24,2026-03-23
512040.SS,价值100ETF富国,241,2025-03-24,2026-03-23
512030.SS,中证A50增强ETF易方达,144,2025-08-13,2026-03-23
512000.SS,券商ETF,241,2025-03-24,2026-03-23
511990.SS,华宝添益ETF,242,2025-03-24,2026-03-23
511980.SS,现金添富ETF,242,2025-03-24,2026-03-23
511970.SS,国寿货币ETF,242,2025-03-24,2026-03-23
511950.SS,添利货币ETF,242,2025-03-24,2026-03-23
511920.SS,广发货币ETF,242,2025-03-24,2026-03-23
511910.SS,融通货币ETF,242,2025-03-24,2026-03-23
511900.SS,富国货币ETF,242,2025-03-24,2026-03-23
511850.SS,招商财富宝ETF,242,2025-03-24,2026-03-23
511830.SS,货币ETF华泰柏瑞,242,2025-03-24,2026-03-23
511810.SS,货币ETF南方,242,2025-03-24,2026-03-23
511800.SS,易方达货币ETF,242,2025-03-24,2026-03-23
511770.SS,金鹰增益货币ETF,242,2025-03-24,2026-03-23
511700.SS,货币ETF平安,242,2025-03-24,2026-03-23
511690.SS,交易货币ETF大成,242,2025-03-24,2026-03-23
511670.SS,华泰天天金ETF,242,2025-03-24,2026-03-23
511660.SS,货币ETF建信,242,2025-03-24,2026-03-23
511650.SS,货币ETF华夏,242,2025-03-24,2026-03-23
511620.SS,货币ETF国泰,242,2025-03-24,2026-03-23
511600.SS,华安日日鑫ETF,242,2025-03-24,2026-03-23
511580.SS,国债政金债ETF招商,241,2025-03-24,2026-03-23
511520.SS,政金债ETF富国,241,2025-03-24,2026-03-23
511380.SS,可转债ETF博时,241,2025-03-24,2026-03-23
511360.SS,短融ETF海富通,242,2025-03-24,2026-03-23
511270.SS,10年地方债ETF海富通,241,2025-03-24,2026-03-23
511260.SS,十年国债ETF国泰,241,2025-03-24,2026-03-23
511220.SS,城投债ETF海富通,241,2025-03-24,2026-03-23
511200.SS,信用债ETF华夏,241,2025-03-24,2026-03-23
511190.SS,信用债ETF海富通,241,2025-03-24,2026-03-23
511180.SS,可转债ETF海富通,242,2025-03-24,2026-03-23
511160.SS,国债ETF东财,241,2025-03-24,2026-03-23
511150.SS,科创债ETF永赢,114,2025-09-24,2026-03-23
511130.SS,30年国债ETF博时,241,2025-03-24,2026-03-23
511120.SS,科创债ETF广发,163,2025-07-17,2026-03-23
511110.SS,公司债ETF易方达,241,2025-03-24,2026-03-23
511100.SS,国债ETF华夏,242,2025-03-24,2026-03-23
511090.SS,30年国债ETF鹏扬,241,2025-03-24,2026-03-23
511070.SS,公司债ETF南方,241,2025-03-24,2026-03-23
511060.SS,5年地方债ETF海富通,242,2025-03-24,2026-03-23
511030.SS,公司债ETF平安,241,2025-03-24,2026-03-23
511020.SS,国债ETF平安,241,2025-03-24,2026-03-23
511010.SS,国债ETF国泰,241,2025-03-24,2026-03-23
510990.SS,180ESGETF工银,242,2025-03-24,2026-03-23
510980.SS,上证指数ETF汇添富,242,2025-03-24,2026-03-23
510950.SS,上证50ETF广发,241,2025-03-24,2026-03-23
510900.SS,恒生中国企业ETF易方达,241,2025-03-24,2026-03-23
510850.SS,上证50ETF工银,241,2025-03-24,2026-03-23
510810.SS,上海国企ETF汇添富,241,2025-03-24,2026-03-23
510800.SS,上证50ETF建信,241,2025-03-24,2026-03-23
510770.SS,G60创新ETF申万菱信,242,2025-03-24,2026-03-23
510760.SS,上证指数ETF国泰,241,2025-03-24,2026-03-23
510720.SS,红利国企ETF国泰,241,2025-03-24,2026-03-23
510710.SS,上证50ETF博时,242,2025-03-24,2026-03-23
510680.SS,上证50ETF万家,241,2025-03-24,2026-03-23
510670.SS,上证180ETF华夏,95,2025-10-29,2026-03-23
510660.SS,医药ETF华夏,241,2025-03-24,2026-03-23
510650.SS,金融地产ETF华夏,241,2025-03-24,2026-03-23
510630.SS,消费ETF华夏,241,2025-03-24,2026-03-23
510600.SS,上证50ETF申万菱信,241,2025-03-24,2026-03-23
510590.SS,中证500ETF平安,241,2025-03-24,2026-03-23
510580.SS,中证500ETF易方达,242,2025-03-24,2026-03-23
510570.SS,中证500ETF兴业,242,2025-03-24,2026-03-23
510560.SS,中证500ETF国寿,241,2025-03-24,2026-03-23
510550.SS,中证500ETF方正富邦,241,2025-03-24,2026-03-23
510530.SS,中证500ETF工银,241,2025-03-24,2026-03-23
510510.SS,中证500ETF广发,241,2025-03-24,2026-03-23
510410.SS,资源ETF博时,241,2025-03-24,2026-03-23
510390.SS,沪深300ETF平安,241,2025-03-24,2026-03-23
510380.SS,沪深300ETF国寿,241,2025-03-24,2026-03-23
510370.SS,沪深300ETF兴业,241,2025-03-24,2026-03-23
510360.SS,沪深300ETF广发,241,2025-03-24,2026-03-23
510350.SS,沪深300ETF工银,241,2025-03-24,2026-03-23
510330.SS,沪深300ETF华夏,241,2025-03-24,2026-03-23
510320.SS,沪深300ETF中金,221,2025-04-16,2026-03-23
510310.SS,沪深300ETF易方达,241,2025-03-24,2026-03-23
510290.SS,上证380ETF南方,241,2025-03-24,2026-03-23
510270.SS,国企ETF中银,241,2025-03-24,2026-03-23
510230.SS,金融ETF国泰,241,2025-03-24,2026-03-23
510210.SS,上证指数ETF富国,241,2025-03-24,2026-03-23
510200.SS,上证券商ETF汇安,242,2025-03-24,2026-03-23
510190.SS,上证50ETF华安,241,2025-03-24,2026-03-23
510170.SS,大宗商品ETF,241,2025-03-24,2026-03-23
510160.SS,产业升级ETF南方,241,2025-03-24,2026-03-23
510150.SS,消费ETF招商,241,2025-03-24,2026-03-23
510130.SS,上证中盘ETF易方达,241,2025-03-24,2026-03-23
510100.SS,上证50ETF易方达,241,2025-03-24,2026-03-23
510090.SS,责任ETF建信,241,2025-03-24,2026-03-23
510060.SS,央企ETF工银,241,2025-03-24,2026-03-23
510040.SS,上证180ETF鹏华,241,2025-03-24,2026-03-23
510030.SS,价值ETF,241,2025-03-24,2026-03-23
510020.SS,超大盘ETF博时,241,2025-03-24,2026-03-23
